configuration,source,device_key,power_scope,method,pair_index,moving_idx,fixed_idx,mi_before,mi_after,ssim_deformed_fixed,ssim_deformed_moving,dice_before,dice_after,flow_min,flow_max,flow_mean,flow_std,tre_before_mm,tre_mm,tre_median_mm,tre_label_count,tre_missing_warped_labels,tre_per_label_mm,model_inference_ms,postprocess_ms,total_runtime_ms,power_wall_time_s,cpu_energy_j,cpu_dynamic_energy_j,cpu_power_mean_w,gpu_energy_j,gpu_dynamic_energy_j,gpu_power_mean_w,gpu_power_peak_w,gpu_power_samples,energy_j,dynamic_energy_j,power_mean_w,process_rss_start_mb,process_rss_end_mb,process_rss_peak_mb,process_rss_delta_mb,process_memory_samples,tre_eligible_label_count,cpu_power_peak_w,cpu_power_samples,cpu_power_backend,power_repetitions
FPGA DPU,fpga,fpga,FPGA board: quantized DPU,v4_axial,0,2,17,0.5340559178971006,0.6228276978946417,0.7224864959716797,0.846047043800354,0.543096125125885,0.7154453992843628,-8.0,7.9375,-0.021393168717622757,1.0151500701904297,3.3141870200634003,2.2062946148216724,2.1364859342575073,16,[],"{'2': 0.800550639629364, '3': 1.1144899129867554, '4': 1.4129079580307007, '7': 3.206111431121826, '8': 1.7360115051269531, '10': 1.3516873121261597, '11': 4.247190475463867, '12': 2.5369603633880615, '13': 2.958393096923828, '14': 0.8377195596694946, '15': 3.0852904319763184, '16': 2.960871934890747, '17': 3.442282199859619, '18': 1.5142323970794678, '26': 2.725707530975342, '28': 1.3703070878982544}",572.9798441752791,99103.37195219472,99676.35179637,100.18991340324283,107.10818650662068,15.99798400554673,1.0690515928038913,75.11564588762107,0.04936645863662381,0.7497326161496594,1.0,987,182.22383239424175,16.047350464183353,1.8187842089535506,712.15625,918.03515625,1334.22265625,205.87890625,991,,,,,
FPGA DPU,fpga,fpga,FPGA board: quantized DPU,v4_mean_fused,0,2,17,0.5340559178971006,0.6112002234949971,0.723109245300293,0.8144196271896362,0.543096125125885,0.780510663986206,-8.0,7.711564540863037,-0.03255533054471016,1.066027283668518,3.3141870200634003,1.602938361465931,1.4777742624282837,16,[],"{'2': 1.4102873802185059, '3': 1.671812653541565, '4': 1.9128029346466064, '7': 2.907806396484375, '8': 2.038388252258301, '10': 0.7365830540657043, '11': 2.260268211364746, '12': 0.9472572207450867, '13': 1.1415674686431885, '14': 0.7147483229637146, '15': 1.42332923412323, '16': 2.335313558578491, '17': 2.7517805099487305, '18': 1.2440491914749146, '26': 1.5322192907333374, '28': 0.6188001036643982}",1827.4953314103186,97738.71343629435,99566.20876770467,102.14970431290567,107.18240667903248,14.290019319483877,1.0492679092903745,76.78246519919304,0.17018696451378235,0.7516660544018069,1.5,1008,183.96487187822552,14.460206283997659,1.8009339636921813,712.15625,930.0390625,1322.11328125,217.8828125,1016,,,,,
FPGA DPU,fpga,fpga,FPGA board: quantized DPU,v4_smoothed_0p75,0,2,17,0.5340559178971006,0.6161800569803372,0.7220584750175476,0.8311969041824341,0.543096125125885,0.778408408164978,-7.997010707855225,7.2299485206604,-0.03256513550877571,1.004729986190796,3.3141870200634003,1.6497966274619102,1.6735485792160034,16,[],"{'2': 1.1945397853851318, '3': 1.7231724262237549, '4': 1.86337411403656, '7': 2.9345345497131348, '8': 1.8380682468414307, '10': 0.8937360644340515, '11': 2.2161266803741455, '12': 1.1140121221542358, '13': 1.623924732208252, '14': 0.6908805966377258, '15': 2.2012903690338135, '16': 2.2282965183258057, '17': 2.485842227935791, '18': 1.2951629161834717, '26': 1.4174858331680298, '28': 0.6762988567352295}",1827.4953314103186,97820.32639998943,99647.82173139974,102.23141536675394,107.42806903980164,14.46137569065978,1.0508322579160698,76.84374848957924,0.17018696451378235,0.7516647227655339,1.5,1009,184.27181752938088,14.631562655173562,1.8024969806816038,712.15625,931.30078125,1385.91015625,219.14453125,1017,,,,,
FPGA DPU,fpga,fpga,FPGA board: quantized DPU,v4_axial,1,1,12,0.5074835462133864,0.6004809187255371,0.7222243547439575,0.845899760723114,0.5371754169464111,0.675072193145752,-8.0,7.9375,0.10527860373258591,0.9846041798591614,4.1216456815600395,2.7512535620480776,2.8774174451828003,16,[],"{'2': 3.174506187438965, '3': 2.5926084518432617, '4': 3.1736929416656494, '7': 0.5904709696769714, '8': 1.5198475122451782, '10': 7.84733247756958, '11': 2.9136364459991455, '12': 1.8440569639205933, '13': 2.841198444366455, '14': 4.30004358291626, '15': 1.2638652324676514, '16': 0.40750524401664734, '17': 3.180741786956787, '18': 1.6270796060562134, '26': 3.5915887355804443, '28': 3.1518824100494385}",575.6437666714191,97333.91678426415,97909.56055093557,98.43360084015876,103.76895308021226,14.255897316192868,1.0542025506993014,73.95004697375803,0.12484634363896807,0.7512683305555559,1.5,969,177.7190000539703,14.380743659831836,1.8054708812548572,979.2421875,1112.10546875,1397.59765625,132.86328125,973,,,,,
FPGA DPU,fpga,fpga,FPGA board: quantized DPU,v4_mean_fused,1,1,12,0.5074835462133864,0.5927179257324471,0.7238267064094543,0.8132709860801697,0.5371754169464111,0.7612476348876953,-7.725142002105713,7.9375,0.1408461481332779,1.0367130041122437,4.1216456815600395,1.9955992177128792,1.5237399339675903,16,[],"{'2': 3.2992217540740967, '3': 2.385263681411743, '4': 2.131215810775757, '7': 0.734718918800354, '8': 1.5692250728607178, '10': 4.278543949127197, '11': 3.6472597122192383, '12': 3.8485159873962402, '13': 1.199837327003479, '14': 0.8895606398582458, '15': 1.3654584884643555, '16': 0.5184943079948425, '17': 2.878048896789551, '18': 0.6736854314804077, '26': 1.0322827100753784, '28': 1.478254795074463}",1817.3382417298853,97385.36610314623,99202.70434487611,101.76897501572967,107.423141619077,14.876979964147818,1.0555588439647094,76.92006311524102,0.593331853443776,0.7558301840354791,1.5,1002,184.34320473431802,15.470311817591595,1.8113890280001885,979.2421875,1140.1328125,1447.59765625,160.890625,1010,,,,,
FPGA DPU,fpga,fpga,FPGA board: quantized DPU,v4_smoothed_0p75,1,1,12,0.5074835462133864,0.5965046580618929,0.7214117646217346,0.8280376195907593,0.5371754169464111,0.7560040950775146,-7.038147926330566,7.93596076965332,0.14082874357700348,0.9784644246101379,4.1216456815600395,1.996654313057661,1.4627628922462463,16,[],"{'2': 3.3239381313323975, '3': 2.2844200134277344, '4': 2.7151641845703125, '7': 0.7634543776512146, '8': 1.5124566555023193, '10': 4.515767574310303, '11': 3.0024001598358154, '12': 3.878060817718506, '13': 1.0953700542449951, '14': 0.9255067706108093, '15': 1.4130691289901733, '16': 0.5994573831558228, '17': 2.891726016998291, '18': 0.7008147835731506, '26': 0.9730428457260132, '28': 1.3518201112747192}",1817.3382417298853,97842.81483385712,99660.153075587,102.22640343662351,108.02951105346608,15.067375428286564,1.0567672090747111,77.2631344309114,0.593331853443776,0.7558040959429001,1.5,1006,185.2926454843775,15.66070728173034,1.812571305017611,979.2421875,1031.8203125,1325.35546875,52.578125,1014,,,,,
FPGA DPU,fpga,fpga,FPGA board: quantized DPU,v4_axial,2,6,0,0.5126965057978938,0.5966884169619697,0.7510210275650024,0.8485522866249084,0.6787030696868896,0.7750275135040283,-8.0,7.9375,-0.022505437955260277,0.8404168486595154,2.632415499538183,1.8652254454791546,1.617653489112854,16,[],"{'2': 0.4162520170211792, '3': 1.7715685367584229, '4': 1.4637384414672852, '7': 3.0080411434173584, '8': 2.589185953140259, '10': 1.1956146955490112, '11': 1.8177895545959473, '12': 4.46319055557251, '13': 4.079664707183838, '14': 0.8979376554489136, '15': 0.7658798098564148, '16': 1.1686289310455322, '17': 1.8635247945785522, '18': 0.7885533571243286, '26': 2.209092378616333, '28': 1.3449445962905884}",573.9700482226908,97519.40716896206,98093.37721718475,98.60582132497802,104.3089115843039,14.639242816902001,1.0578372573007635,74.0283661194315,0.07400012569798331,0.7507504640669651,1.25,968,178.3372777037354,14.713242942599983,1.8085877213677286,1031.78515625,1059.79296875,1449.3984375,28.0078125,972,,,,,
FPGA DPU,fpga,fpga,FPGA board: quantized DPU,v4_mean_fused,2,6,0,0.5126965057978938,0.5860974688166812,0.751380980014801,0.8189859986305237,0.6787030696868896,0.7880980968475342,-8.0,7.386555194854736,0.001274803769774735,0.8820816874504089,2.632415499538183,1.750111810863018,1.244751214981079,16,[],"{'2': 1.0937869548797607, '3': 3.1406238079071045, '4': 0.8349356055259705, '7': 2.5566439628601074, '8': 2.890545606613159, '10': 1.2735282182693481, '11': 1.5141043663024902, '12': 3.306072950363159, '13': 4.003643989562988, '14': 0.7166382074356079, '15': 1.0965995788574219, '16': 0.6344311833381653, '17': 1.21597421169281, '18': 0.5837476849555969, '26': 2.1808009147644043, '28': 0.9597117304801941}",1836.6249464452267,97753.31294210628,99589.9378885515,102.19220872502774,108.24263936545726,15.311599556135164,1.0592063789981254,76.81698863417206,0.17283209040126024,0.7516912452774781,1.25,1005,185.05962799962936,15.484431646536425,1.8108976242756036,1031.78515625,978.1640625,1364.76953125,-53.62109375,1013,,,,,
FPGA DPU,fpga,fpga,FPGA board: quantized DPU,v4_smoothed_0p75,2,6,0,0.5126965057978938,0.5873287934390846,0.7493436932563782,0.8375667929649353,0.6787030696868896,0.7875292301177979,-7.89754056930542,6.522536277770996,0.0012611298589035869,0.8155006170272827,2.632415499538183,1.7235284559428692,1.453586220741272,16,[],"{'2': 1.0516570806503296, '3': 3.024545431137085, '4': 0.8762451410293579, '7': 2.5878589153289795, '8': 2.9124650955200195, '10': 1.3910359144210815, '11': 1.9465680122375488, '12': 3.331313371658325, '13': 2.824258804321289, '14': 0.8336279988288879, '15': 0.9781336784362793, '16': 0.7125149369239807, '17': 1.5161365270614624, '18': 0.6014775633811951, '26': 1.9925241470336914, '28': 0.996092677116394}",1836.6249464452267,97853.27737266198,99689.9023191072,102.29222881607711,108.38989393225388,15.367898352633759,1.0596102478824707,76.89200370245909,0.17283209040126024,0.7516895915985173,1.25,1005,185.281897634713,15.54073044303502,1.8112998394809883,1031.78515625,1033.046875,1496.74609375,1.26171875,1013,,,,,
FPGA DPU,fpga,fpga,FPGA board: quantized DPU,v4_axial,3,16,4,0.5216886606039635,0.6170740199147173,0.7479442358016968,0.8621479868888855,0.613818883895874,0.7414249777793884,-8.0,7.9375,0.013186328113079071,0.9886878728866577,3.745490901172161,2.2419021148234606,1.7003518342971802,16,[],"{'2': 2.969789743423462, '3': 1.6022874116897583, '4': 2.7775015830993652, '7': 0.8154311776161194, '8': 3.81796932220459, '10': 1.2035527229309082, '11': 4.178085803985596, '12': 1.2571405172348022, '13': 1.798416256904602, '14': 0.45143094658851624, '15': 0.9839133024215698, '16': 1.281260371208191, '17': 6.645928859710693, '18': 2.949195384979248, '26': 2.645340919494629, '28': 0.4931895136833191}",567.760553676635,98600.40941694751,99168.16997062415,99.67688480112702,105.34656360954261,14.702896493517722,1.0568805778764816,74.83098349747756,0.07331989663229754,0.7507355757232841,1.25,978,180.17754710702016,14.776216390150019,1.8076161535997657,1033.0625,1058.6875,1345.41015625,25.625,982,,,,,
FPGA DPU,fpga,fpga,FPGA board: quantized DPU,v4_mean_fused,3,16,4,0.5216886606039635,0.6092627507662727,0.7502018809318542,0.8324056267738342,0.613818883895874,0.7587835788726807,-8.0,7.91635799407959,0.02692572772502899,1.0167222023010254,3.745490901172161,2.494102619588375,2.2200547456741333,16,[],"{'2': 3.3842382431030273, '3': 3.07279634475708, '4': 2.3011162281036377, '7': 0.9058337211608887, '8': 4.5659565925598145, '10': 0.6036699414253235, '11': 2.062497615814209, '12': 2.138993263244629, '13': 2.7199180126190186, '14': 0.7759381532669067, '15': 1.193081021308899, '16': 0.5933093428611755, '17': 6.245768070220947, '18': 5.919129371643066, '26': 2.9842569828033447, '28': 0.4391390085220337}",1820.0010997243226,98631.8539781496,100451.85507787392,103.00809059478343,109.20700702989197,15.534024645260798,1.0601789276872828,77.40077860593605,0.14471065984848386,0.7514048475125876,1.25,1012,186.60778563582804,15.678735305109281,1.8115837751998705,1033.0625,1086.6875,1416.22265625,53.625,1020,,,,,
FPGA DPU,fpga,fpga,FPGA board: quantized DPU,v4_smoothed_0p75,3,16,4,0.5216886606039635,0.6128722407069903,0.7485880255699158,0.8500667810440063,0.613818883895874,0.7515896558761597,-7.926852703094482,7.236202239990234,0.026911741122603416,0.9555422067642212,3.745490901172161,2.4955158196389675,2.4157328605651855,16,[],"{'2': 3.4540114402770996, '3': 2.878190040588379, '4': 2.2831623554229736, '7': 0.8942190408706665, '8': 4.553370475769043, '10': 0.7484380006790161, '11': 2.385058641433716, '12': 2.4464070796966553, '13': 2.9750022888183594, '14': 0.5000433325767517, '15': 0.8454897403717041, '16': 0.5670471787452698, '17': 6.3603315353393555, '18': 5.668166637420654, '26': 2.8889522552490234, '28': 0.48036307096481323}",1820.0010997243226,98617.2808133997,100437.28191312402,102.99254627944902,109.174170531175,15.515323758301049,1.060020112862861,77.38912036943525,0.14471065984848386,0.7514050595414531,1.25,1011,186.56329090061024,15.660034418149532,1.8114251724043142,1033.0625,1005.06640625,1417.0390625,-27.99609375,1019,,,,,
FPGA DPU,fpga,fpga,FPGA board: quantized DPU,v4_axial,4,14,8,0.5163238421344944,0.6022912901731609,0.7192989587783813,0.8462876081466675,0.5742167234420776,0.7143674492835999,-8.0,7.9375,0.04316919296979904,0.984124481678009,4.296920575201511,2.723931980319321,2.0837422609329224,16,[],"{'2': 5.174133777618408, '3': 3.126851797103882, '4': 0.21860916912555695, '7': 7.357712268829346, '8': 8.000175476074219, '10': 1.5910615921020508, '11': 3.5432841777801514, '12': 2.8954079151153564, '13': 2.4435606002807617, '14': 0.8662003874778748, '15': 1.172284483909607, '16': 0.6836869120597839, '17': 2.259593963623047, '18': 1.9078905582427979, '26': 1.2591784000396729, '28': 1.0832802057266235}",584.5270631834865,98649.03098391369,99233.55804709718,99.75518497126177,106.00194379449596,15.287072461254786,1.0626208935909829,74.86661817054052,0.05022944209419866,0.7505035271310324,1.0,976,180.8685619650365,15.337301903348985,1.8131244207220154,1005.08984375,983.0234375,1452.1328125,-22.06640625,980,,,,,
FPGA DPU,fpga,fpga,FPGA board: quantized DPU,v4_mean_fused,4,14,8,0.5163238421344944,0.5935059658539181,0.7191158533096313,0.812818706035614,0.5742167234420776,0.7689284682273865,-7.999671936035156,7.9375,0.07742815464735031,1.008553147315979,4.296920575201511,2.5103528518229723,1.350010633468628,16,[],"{'2': 4.70603609085083, '3': 4.014403820037842, '4': 0.3816410005092621, '7': 8.024571418762207, '8': 8.018074035644531, '10': 1.1543442010879517, '11': 3.1237075328826904, '12': 2.9054720401763916, '13': 1.122826337814331, '14': 0.4539060890674591, '15': 1.3468493223190308, '16': 0.7646375894546509, '17': 1.8965771198272705, '18': 1.353171944618225, '26': 0.29378923773765564, '28': 0.6056378483772278}",1827.9692116193473,98751.79143622518,100579.76064784452,103.1543527143076,109.69337048763835,15.88738098806486,1.0633906141744784,77.73716042878861,0.37139589305791243,0.7536003899330018,1.25,1010,187.43053091642696,16.25877688112277,1.8169910041074804,1005.08984375,1008.65234375,1443.02734375,3.5625,1018,,,,,
FPGA DPU,fpga,fpga,FPGA board: quantized DPU,v4_smoothed_0p75,4,14,8,0.5163238421344944,0.5972392244775744,0.717860221862793,0.8309377431869507,0.5742167234420776,0.7620446681976318,-7.564972400665283,7.932231426239014,0.07740862667560577,0.9368686676025391,4.296920575201511,2.5206938944756985,1.4139412641525269,16,[],"{'2': 4.725450038909912, '3': 3.861685276031494, '4': 0.30504217743873596, '7': 8.156554222106934, '8': 7.933840751647949, '10': 1.3533363342285156, '11': 3.5104737281799316, '12': 2.902524709701538, '13': 1.0782406330108643, '14': 0.3921351134777069, '15': 1.412857174873352, '16': 0.9039104580879211, '17': 1.5249956846237183, '18': 1.4150253534317017, '26': 0.33761030435562134, '28': 0.5174203515052795}",1827.9692116193473,98630.28537714854,100458.25458876789,103.03271498531103,109.52566301334755,15.830287823580319,1.0630183144155931,77.64593213204118,0.37139589305791243,0.7536046404592062,1.25,1008,187.17159514538872,16.20168371663823,1.8166229548747992,1005.08984375,983.0234375,1435.0078125,-22.06640625,1016,,,,,
FPGA DPU,fpga,fpga,FPGA board: quantized DPU,v4_axial,5,5,9,0.5245065142387927,0.5971734309084674,0.7718778252601624,0.8945586085319519,0.5722911357879639,0.7048101425170898,-8.0,7.9375,0.038118891417980194,0.8623455762863159,3.2595636062324047,2.876924090087414,2.4032546281814575,16,[],"{'2': 1.4020179510116577, '3': 0.852022647857666, '4': 4.996756553649902, '7': 2.538116931915283, '8': 1.4694660902023315, '10': 3.0732057094573975, '11': 7.409426212310791, '12': 3.169642448425293, '13': 7.569230556488037, '14': 2.747953176498413, '15': 1.033218264579773, '16': 1.0692360401153564, '17': 1.3572478294372559, '18': 1.829268455505371, '26': 3.24558424949646, '28': 2.268392324447632}",569.9565326794982,98502.45551532134,99072.41204800084,99.5890236585401,106.12127847201673,15.557510082531818,1.0655921162142699,74.76577185656325,0.07400411265817564,0.7507430950715203,1.25,973,180.88705032858,15.631514195189995,1.8163352112857902,1008.0234375,1087.41015625,1416.0078125,79.38671875,977,,,,,
FPGA DPU,fpga,fpga,FPGA board: quantized DPU,v4_mean_fused,5,5,9,0.5245065142387927,0.5889388897511834,0.773531973361969,0.863493800163269,0.5722911357879639,0.7791822552680969,-7.970851898193359,7.2760419845581055,0.06024947762489319,0.913676917552948,3.2595636062324047,1.8907780535519123,1.612801730632782,16,[],"{'2': 1.7840590476989746, '3': 1.8942753076553345, '4': 4.056813716888428, '7': 2.619830369949341, '8': 2.0853371620178223, '10': 1.1870698928833008, '11': 2.866886615753174, '12': 1.435232162475586, '13': 3.705432176589966, '14': 1.100704550743103, '15': 0.6525148749351501, '16': 0.535172164440155, '17': 2.529003858566284, '18': 0.9509896636009216, '26': 1.4415444135665894, '28': 1.4075828790664673}",1826.2745584361255,98369.96118538082,100196.23574381694,102.80823931563646,109.83878268321894,16.347540055562025,1.0683850186948312,77.37663969458927,0.2704602078619329,0.7526307250242034,1.25,1005,187.2154223778082,16.61800026342396,1.8210157437190346,1008.0234375,1115.41015625,1486.1328125,107.38671875,1013,,,,,
FPGA DPU,fpga,fpga,FPGA board: quantized DPU,v4_smoothed_0p75,5,5,9,0.5245065142387927,0.5917317848436664,0.7719542980194092,0.879682183265686,0.5722911357879639,0.7735860347747803,-7.384122371673584,7.210141658782959,0.06023725867271423,0.8510825037956238,3.2595636062324047,1.8389264456927776,1.7104797959327698,16,[],"{'2': 1.6899076700210571, '3': 1.8302626609802246, '4': 3.8062922954559326, '7': 2.6233038902282715, '8': 2.06609845161438, '10': 1.376282811164856, '11': 2.9561524391174316, '12': 1.7310519218444824, '13': 3.4966917037963867, '14': 0.9076710343360901, '15': 0.7089173197746277, '16': 0.5499910712242126, '17': 2.124155044555664, '18': 0.9272494316101074, '26': 1.2527694702148438, '28': 1.376025915145874}",1826.2745584361255,98516.47699112073,100342.75154955685,102.95471595134586,110.3085331517243,16.684088333469152,1.0714276867497132,77.48649717137133,0.2704602078619329,0.7526269822160429,1.25,1006,187.79503032309563,16.954548541331086,1.8240546689657562,1008.0234375,1087.41015625,1424.9453125,79.38671875,1014,,,,,
FPGA DPU,fpga,fpga,FPGA board: quantized DPU,v4_axial,6,13,11,0.5017329558976177,0.5943563537038024,0.7554240226745605,0.8580194115638733,0.4667867124080658,0.6454540491104126,-8.0,7.9375,0.010826818645000458,0.9824091196060181,5.598027631640434,3.955188786610961,2.752864360809326,16,[],"{'2': 0.7823449373245239, '3': 1.5162057876586914, '4': 8.621060371398926, '7': 1.4269462823867798, '8': 1.8637287616729736, '10': 3.341132164001465, '11': 8.776138305664062, '12': 7.24588680267334, '13': 7.59366512298584, '14': 4.14566707611084, '15': 0.4762958586215973, '16': 0.9547280669212341, '17': 1.7369215488433838, '18': 5.299670219421387, '26': 7.3380327224731445, '28': 2.1645965576171875}",575.9837757796049,98867.28209862486,99443.26587440446,99.96851461613551,108.20710122281696,17.298233243768724,1.082411813742721,75.051390353368,0.07500439126637182,0.7507502801412463,1.25,974,183.25849157618495,17.373237635035096,1.8331620938839672,1006.94140625,1061.7578125,1468.99609375,54.81640625,978,,,,,
FPGA DPU,fpga,fpga,FPGA board: quantized DPU,v4_mean_fused,6,13,11,0.5017329558976177,0.5863672451463466,0.7585563063621521,0.8229568004608154,0.4667867124080658,0.7362504005432129,-8.0,7.9375,-0.011820567771792412,1.0667130947113037,5.598027631640434,2.6542954966425896,2.173933446407318,16,[],"{'2': 0.7699876427650452, '3': 2.6646246910095215, '4': 6.868333339691162, '7': 1.4302562475204468, '8': 1.89700448513031, '10': 1.9127141237258911, '11': 3.3056485652923584, '12': 6.479250431060791, '13': 3.1976735591888428, '14': 3.4764180183410645, '15': 0.8656180500984192, '16': 0.7736080884933472, '17': 1.0459309816360474, '18': 3.8374228477478027, '26': 2.435152769088745, '28': 1.5090841054916382}",1830.1822864450514,98787.89778612554,100618.08007257059,103.20893186703324,111.37572681725467,17.520104400671308,1.0791287614597438,77.65887290214243,0.25217400186750516,0.7524433350612754,1.25,1006,189.03459971939708,17.772278402538813,1.831572096521019,1006.94140625,1006.9453125,1446.3359375,0.00390625,1014,,,,,
FPGA DPU,fpga,fpga,FPGA board: quantized DPU,v4_smoothed_0p75,6,13,11,0.5017329558976177,0.5918678176144272,0.7567186951637268,0.8389637470245361,0.4667867124080658,0.7292683720588684,-7.859433650970459,7.696159362792969,-0.011822300031781197,1.007288932800293,5.598027631640434,2.7161865830421448,2.27256578207016,16,[],"{'2': 0.7579712867736816, '3': 2.6041905879974365, '4': 7.152647972106934, '7': 1.4932589530944824, '8': 1.9409409761428833, '10': 1.9249094724655151, '11': 3.307068109512329, '12': 6.317165851593018, '13': 4.164975166320801, '14': 3.0232558250427246, '15': 0.7692444324493408, '16': 0.7906383275985718, '17': 1.5849528312683105, '18': 3.581235885620117, '26': 2.697873115539551, '28': 1.3486565351486206}",1830.1822864450514,98924.50933204964,100754.69161849469,103.34669249411672,111.72808221195572,17.74718372511831,1.0810997383231797,77.76219337245504,0.25217400186750516,0.752440078107791,1.25,1007,189.49027558441077,17.999357726985817,1.8335398164309709,1006.94140625,1061.7578125,1466.14453125,54.81640625,1015,,,,,
FPGA DPU,fpga,fpga,FPGA board: quantized DPU,v4_axial,7,7,10,0.5090681874608713,0.5974745827583552,0.7126414179801941,0.8351803421974182,0.625015377998352,0.751335859298706,-8.0,7.9375,0.042502060532569885,0.8421801328659058,3.703852728009224,2.2330660969018936,1.886143147945404,16,[],"{'2': 0.803583025932312, '3': 1.2894338369369507, '4': 2.1963229179382324, '7': 1.978271484375, '8': 4.400154113769531, '10': 1.5749095678329468, '11': 1.5617064237594604, '12': 1.7186353206634521, '13': 4.43347692489624, '14': 3.5753021240234375, '15': 1.0802311897277832, '16': 1.4172815084457397, '17': 1.9606317281723022, '18': 2.7727608680725098, '26': 3.1547019481658936, '28': 1.8116545677185059}",578.0014623887837,97509.18457331136,98087.18603570014,98.61318996362388,107.13638765554236,17.460018032371902,1.0864306052269732,74.08521688180257,0.1253244090846486,0.75127086862448,1.25,958,181.22160453734492,17.58534244145655,1.837701473851453,1061.76953125,1006.95703125,1365.11328125,-54.8125,962,,,,,
FPGA DPU,fpga,fpga,FPGA board: quantized DPU,v4_mean_fused,7,7,10,0.5090681874608713,0.5944258700447842,0.7104146480560303,0.8050326108932495,0.625015377998352,0.7630630731582642,-7.815202236175537,7.606889247894287,0.02901352010667324,0.8888893723487854,3.703852728009224,1.8975388407707214,1.3232126235961914,16,[],"{'2': 0.5515385270118713, '3': 2.009921073913574, '4': 0.7690922021865845, '7': 2.0374999046325684, '8': 4.031010150909424, '10': 1.2021042108535767, '11': 2.902440309524536, '12': 1.2464004755020142, '13': 3.306548833847046, '14': 3.5020618438720703, '15': 0.735550582408905, '16': 1.1448328495025635, '17': 1.1921335458755493, '18': 1.2670425176620483, '26': 3.083061695098877, '28': 1.3793827295303345}",1835.157668683678,97712.070946116,99547.22861479968,102.14546922128648,111.1645323160976,18.275996242990203,1.088296261827065,76.95508873447255,0.34598681850770086,0.7533871969177425,1.5,994,188.11962105057017,18.621983061497904,1.8416834587448077,1061.76953125,1142.0859375,1448.27734375,80.31640625,1002,,,,,
FPGA DPU,fpga,fpga,FPGA board: quantized DPU,v4_smoothed_0p75,7,7,10,0.5090681874608713,0.5962587391522216,0.7101946473121643,0.8219475150108337,0.625015377998352,0.7581275701522827,-7.356890678405762,7.0334391593933105,0.029010441154241562,0.8246381282806396,3.703852728009224,1.9236584156751633,1.460335373878479,16,[],"{'2': 0.4122108221054077, '3': 1.758259654045105, '4': 1.05283522605896, '7': 2.112584114074707, '8': 4.0337066650390625, '10': 1.2493371963500977, '11': 3.2180070877075195, '12': 1.4168305397033691, '13': 3.2956812381744385, '14': 3.4869909286499023, '15': 0.6627007126808167, '16': 1.3111343383789062, '17': 0.5752968192100525, '18': 1.4025516510009766, '26': 3.286567449569702, '28': 1.5038402080535889}",1835.157668683678,97731.82755801827,99566.98522670195,102.1652263039723,111.091830924393,18.185328254218177,1.087374197105592,76.96990654648692,0.34598681850770086,0.7533865418892949,1.5,993,188.0617374708799,18.531315072725878,1.8407607389948868,1061.76953125,1062.26953125,1426.21875,0.5,1001,,,,,
FPGA DPU,fpga,fpga,FPGA board: quantized DPU,v4_axial,8,15,3,0.5117392244171299,0.6098845077451158,0.758899986743927,0.866050660610199,0.5293892621994019,0.6872342228889465,-8.0,7.9375,0.023786354809999466,1.025960922241211,2.845947526395321,1.823891183361411,1.5143704414367676,16,[],"{'2': 1.406395435333252, '3': 0.44373688101768494, '4': 5.021698474884033, '7': 1.41390860080719, '8': 0.7220862507820129, '10': 1.3647255897521973, '11': 2.311189651489258, '12': 2.1136841773986816, '13': 3.305302143096924, '14': 1.3298994302749634, '15': 1.0172306299209595, '16': 0.6294743418693542, '17': 2.6811957359313965, '18': 1.6148322820663452, '26': 1.753089189529419, '28': 2.0538101196289062}",573.8899218849838,97778.32228597254,98352.21220785752,98.86358188139275,107.65875647549004,17.754686702098493,1.0889627345754973,74.2462449649624,0.09855855391784152,0.7509969146579787,1.25,958,181.90500144045242,17.853245256016336,1.839959649233476,1060.58203125,1222.49609375,1511.73046875,161.9140625,962,,,,,
FPGA DPU,fpga,fpga,FPGA board: quantized DPU,v4_mean_fused,8,15,3,0.5117392244171299,0.5988114741533315,0.7634626626968384,0.8324781060218811,0.5293892621994019,0.7464202642440796,-8.0,7.9375,0.05080940201878548,1.1041927337646484,2.845947526395321,1.4271104000508785,1.5080214738845825,16,[],"{'2': 2.2371954917907715, '3': 0.7774808406829834, '4': 1.4720075130462646, '7': 1.5440354347229004, '8': 0.6036186218261719, '10': 1.6881917715072632, '11': 2.8232648372650146, '12': 1.5790129899978638, '13': 0.8527400493621826, '14': 0.7163896560668945, '15': 1.0576276779174805, '16': 0.8207173943519592, '17': 1.7752853631973267, '18': 1.053731918334961, '26': 2.1911706924438477, '28': 1.641296148300171}",1835.3003654628992,97458.58188392594,99293.88224938884,101.8746615825221,111.10252367501565,18.460253298409604,1.0905805422972488,76.75985145786251,0.3538552709709417,0.753473437511096,1.25,987,187.86237513287816,18.814108569380547,1.8440539798083448,1060.58203125,1137.8359375,1516.15625,77.25390625,995,,,,,
FPGA DPU,fpga,fpga,FPGA board: quantized DPU,v4_smoothed_0p75,8,15,3,0.5117392244171299,0.6051790422715551,0.7600833773612976,0.8518003225326538,0.5293892621994019,0.7424716949462891,-7.733551502227783,7.9286675453186035,0.05079004168510437,1.036014437675476,2.845947526395321,1.4618259109556675,1.605805218219757,16,[],"{'2': 2.148510694503784, '3': 0.7368963956832886, '4': 2.020953416824341, '7': 1.5238746404647827, '8': 0.523859977722168, '10': 1.6877357959747314, '11': 3.036348342895508, '12': 1.8419194221496582, '13': 0.9502354264259338, '14': 0.5164898633956909, '15': 1.0376640558242798, '16': 0.5831567049026489, '17': 2.035388469696045, '18': 1.07539701461792, '26': 1.884071946144104, '28': 1.786712408065796}",1835.3003654628992,97713.13757495955,99548.43794042245,102.12920284457505,111.33547177554733,18.46172793876189,1.0901433544427328,76.95075740440222,0.3538552709709417,0.7534647805046462,1.25,989,188.28622917994954,18.815583209732832,1.843608134947379,1060.58203125,1219.40234375,1474.03125,158.8203125,997,,,,,
FPGA ARM CPU,fpga,cpu,FPGA board: floating-point ARM CPU,v4_axial,0,2,17,0.5340559178971006,0.6245686785228735,0.7231137752532959,0.8481257557868958,0.543096125125885,0.7200729846954346,-16.58213233947754,17.9976863861084,-0.012783284299075603,1.0352213382720947,3.3141870200634003,2.220964305102825,2.137384355068207,16,[],"{'2': 0.593682587146759, '3': 1.0103330612182617, '4': 1.4950703382492065, '7': 3.3608763217926025, '8': 1.7164405584335327, '10': 1.292117714881897, '11': 5.092231273651123, '12': 2.558328151702881, '13': 3.0756990909576416, '14': 0.885754406452179, '15': 2.95082950592041, '16': 2.7897353172302246, '17': 3.52370548248291, '18': 1.3747602701187134, '26': 2.560335874557495, '28': 1.2555289268493652}",9363.691434729844,97469.66948499903,106833.36091972888,107.22995093371719,119.42373176150353,21.911495131154453,1.1137161839729253,80.4224632002879,0.0,0.75,0.75,1037,199.84619496179144,21.911495131154453,1.8637161839729255,1219.30078125,1164.96875,1502.57421875,-54.33203125,1041,,,,,
FPGA ARM CPU,fpga,cpu,FPGA board: floating-point ARM CPU,v4_mean_fused,0,2,17,0.5340559178971006,0.6104320128937577,0.7235273122787476,0.8157007098197937,0.543096125125885,0.781623363494873,-14.456494331359863,11.071969985961914,-0.017087595537304878,1.0757815837860107,3.3141870200634003,1.5735681802034378,1.4746639728546143,16,[],"{'2': 1.3076413869857788, '3': 1.6003389358520508, '4': 2.087630033493042, '7': 2.989292621612549, '8': 2.0530202388763428, '10': 0.7807902693748474, '11': 1.9024724960327148, '12': 0.7328728437423706, '13': 1.2348960638046265, '14': 0.7450659275054932, '15': 1.4725483655929565, '16': 2.257371664047241, '17': 2.7460763454437256, '18': 1.1660616397857666, '26': 1.476779580116272, '28': 0.6242324709892273}",29788.32098050043,97228.25715411454,127016.57813461497,128.71283697802573,147.77396171454734,30.725725587655187,1.1480903162733938,96.5346277335193,0.0,0.75,0.75,1245,244.30858944806664,30.725725587655187,1.8980903162733938,1219.30078125,1136.9765625,1452.06640625,-82.32421875,1253,,,,,
FPGA ARM CPU,fpga,cpu,FPGA board: floating-point ARM CPU,v4_smoothed_0p75,0,2,17,0.5340559178971006,0.6162233212441877,0.7225716710090637,0.833031415939331,0.543096125125885,0.7780613303184509,-12.860873222351074,10.329115867614746,-0.017087077721953392,1.0126689672470093,3.3141870200634003,1.6104351580142975,1.6313901543617249,16,[],"{'2': 1.0700551271438599, '3': 1.6443171501159668, '4': 2.084874391555786, '7': 3.01222562789917, '8': 1.8662372827529907, '10': 0.9456928372383118, '11': 1.786206603050232, '12': 0.8949371576309204, '13': 1.618463158607483, '14': 0.7256729006767273, '15': 2.2713096141815186, '16': 2.16461443901062, '17': 2.4590981006622314, '18': 1.059830665588379, '26': 1.441314935684204, '28': 0.7221125364303589}",29788.32098050043,97487.34409874305,127275.66507924348,128.97194167226553,148.0510722080535,30.76721274983704,1.1479324129605688,96.72895625419915,0.0,0.75,0.75,1248,244.7800284622527,30.76721274983704,1.897932412960569,1219.30078125,1057.9296875,1424.65234375,-161.37109375,1256,,,,,
FPGA ARM CPU,fpga,cpu,FPGA board: floating-point ARM CPU,v4_axial,1,1,12,0.5074835462133864,0.6035393978464418,0.7228731513023376,0.8459019064903259,0.5371754169464111,0.6829127073287964,-14.727065086364746,19.642093658447266,0.1160135418176651,1.0338925123214722,4.1216456815600395,2.7016221825033426,2.6325331926345825,16,[],"{'2': 3.1874020099639893, '3': 2.6587488651275635, '4': 2.5800118446350098, '7': 0.5543947219848633, '8': 1.5165197849273682, '10': 7.966923236846924, '11': 2.881491184234619, '12': 1.8427714109420776, '13': 2.6063175201416016, '14': 4.197061061859131, '15': 1.1722644567489624, '16': 0.4852358400821686, '17': 3.359086036682129, '18': 1.3590009212493896, '26': 3.609100103378296, '28': 3.2496259212493896}",9344.264142680913,97385.65090484917,106729.91504753008,106.89957113796845,118.50076086923107,21.288963365641003,1.1085241933879202,80.17467835347634,0.0,0.75,0.75,1031,198.6754392227074,21.288963365641003,1.8585241933879202,1052.0625,1110.57421875,1480.921875,58.51171875,1035,,,,,
FPGA ARM CPU,fpga,cpu,FPGA board: floating-point ARM CPU,v4_mean_fused,1,1,12,0.5074835462133864,0.5900255759795009,0.7237753868103027,0.813890814781189,0.5371754169464111,0.7614458799362183,-9.804730415344238,13.67992877960205,0.15826515853405,1.0598657131195068,4.1216456815600395,1.958773698657751,1.5963366627693176,16,[],"{'2': 3.26714825630188, '3': 2.5402159690856934, '4': 1.914347767829895, '7': 0.7470795512199402, '8': 1.6518921852111816, '10': 3.733025312423706, '11': 3.4604358673095703, '12': 3.665250778198242, '13': 1.474218487739563, '14': 0.6679221391677856, '15': 1.5036027431488037, '16': 0.539634644985199, '17': 2.8747200965881348, '18': 0.6238357424736023, '26': 1.1362684965133667, '28': 1.5407811403274536}",29758.995230309665,97701.33629906923,127460.33152937889,128.93127489183098,147.01858780264487,29.77170969788607,1.1402864659950702,96.69845616887324,0.0,0.75,0.75,1244,243.7170439715181,29.77170969788607,1.8902864659950702,1052.0625,949.90625,1384.87109375,-102.15625,1252,,,,,
FPGA ARM CPU,fpga,cpu,FPGA board: floating-point ARM CPU,v4_smoothed_0p75,1,1,12,0.5074835462133864,0.594950268731038,0.7219495177268982,0.8289262652397156,0.5371754169464111,0.7551993727684021,-8.044400215148926,12.868721961975098,0.15825623273849487,0.9988702535629272,4.1216456815600395,1.9651012420654297,1.6172396540641785,16,[],"{'2': 3.305410623550415, '3': 2.3735570907592773, '4': 2.442267894744873, '7': 0.7821769118309021, '8': 1.6082863807678223, '10': 3.990399122238159, '11': 3.01702880859375, '12': 3.5862207412719727, '13': 1.2927687168121338, '14': 0.7186399698257446, '15': 1.6261929273605347, '16': 0.6063750386238098, '17': 3.1028974056243896, '18': 0.604811429977417, '26': 1.000906229019165, '28': 1.3836805820465088}",29758.995230309665,97745.30599592254,127504.3012262322,128.97527135768905,147.07343043936962,29.786543048471135,1.1403227059820535,96.73145351826679,0.0,0.75,0.75,1245,243.8048839576364,29.786543048471135,1.8903227059820535,1052.0625,1058.34765625,1468.47265625,6.28515625,1253,,,,,
FPGA ARM CPU,fpga,cpu,FPGA board: floating-point ARM CPU,v4_axial,2,6,0,0.5126965057978938,0.5967958901169709,0.7513570189476013,0.8502862453460693,0.6787030696868896,0.7759519815444946,-11.276389122009277,11.574997901916504,-0.01127215288579464,0.8328893184661865,2.632415499538183,1.795721573755145,1.6760360598564148,16,[],"{'2': 0.42837536334991455, '3': 1.8176616430282593, '4': 1.5344104766845703, '7': 2.88134503364563, '8': 2.68440318107605, '10': 1.253661036491394, '11': 1.8286768198013306, '12': 4.175484657287598, '13': 3.3152191638946533, '14': 1.039288878440857, '15': 0.48492172360420227, '16': 1.0924549102783203, '17': 1.8771514892578125, '18': 0.7091190218925476, '26': 2.272782325744629, '28': 1.3365894556045532}",9283.637624233961,97850.56025814265,107134.19788237661,107.30422836402431,119.27262592464703,21.69284325611242,1.1115370544394627,80.47817127301823,0.0,0.75,0.75,1032,199.75079719766526,21.69284325611242,1.8615370544394627,1079.28515625,1101.76171875,1498.046875,22.4765625,1036,,,,,
FPGA ARM CPU,fpga,cpu,FPGA board: floating-point ARM CPU,v4_mean_fused,2,6,0,0.5126965057978938,0.5849354773679181,0.7517234683036804,0.8199763894081116,0.6787030696868896,0.7886613607406616,-10.210124969482422,8.003212928771973,0.019138889387249947,0.8719611167907715,2.632415499538183,1.695692889392376,1.1564759016036987,16,[],"{'2': 1.0605039596557617, '3': 3.299739122390747, '4': 0.8813568353652954, '7': 2.4258174896240234, '8': 2.9721343517303467, '10': 1.045872688293457, '11': 1.2121362686157227, '12': 3.131178855895996, '13': 3.509704113006592, '14': 0.7905281186103821, '15': 1.1008155345916748, '16': 0.6690558791160583, '17': 1.3857107162475586, '18': 0.5691773891448975, '26': 2.149425745010376, '28': 0.927929162979126}",29690.393992699683,97847.2753460519,127537.66933875158,129.0065357950516,147.36614318504098,30.050824696415923,1.142315327489738,96.7549018462887,0.0,0.75,0.75,1242,244.1210450313297,30.050824696415923,1.892315327489738,1079.28515625,1046.953125,1490.51953125,-32.33203125,1250,,,,,
FPGA ARM CPU,fpga,cpu,FPGA board: floating-point ARM CPU,v4_smoothed_0p75,2,6,0,0.5126965057978938,0.5868048195650674,0.7500823736190796,0.8389983773231506,0.6787030696868896,0.787563681602478,-9.500360488891602,6.709616184234619,0.019128788262605667,0.8050643801689148,2.632415499538183,1.6810312718153,1.3517915606498718,16,[],"{'2': 1.0626282691955566, '3': 3.109006404876709, '4': 0.9168207049369812, '7': 2.498293876647949, '8': 3.0083279609680176, '10': 1.1851228475570679, '11': 1.687203049659729, '12': 3.2689435482025146, '13': 2.523158311843872, '14': 0.9674195647239685, '15': 1.0050125122070312, '16': 0.7038962841033936, '17': 1.5184602737426758, '18': 0.6295842528343201, '26': 1.8988226652145386, '28': 0.9137998223304749}",29690.393992699683,97866.74751108512,127557.1415037848,129.02597290975973,147.55963162242944,30.226637507616665,1.1436428518592305,96.7694796823198,0.0,0.75,0.75,1242,244.32911130474923,30.226637507616665,1.8936428518592305,1079.28515625,1101.765625,1516.9296875,22.48046875,1250,,,,,
FPGA ARM CPU,fpga,cpu,FPGA board: floating-point ARM CPU,v4_axial,3,16,4,0.5216886606039635,0.6191657591195756,0.7480823993682861,0.863925039768219,0.613818883895874,0.7443816065788269,-15.905609130859375,11.607032775878906,0.019380025565624237,0.9963406920433044,3.745490901172161,2.0685035828500986,1.550256609916687,16,[],"{'2': 3.0105397701263428, '3': 1.4930334091186523, '4': 1.6074798107147217, '7': 0.8727370500564575, '8': 3.747910976409912, '10': 1.2662349939346313, '11': 4.032684803009033, '12': 0.6444724798202515, '13': 1.6932188272476196, '14': 0.38640281558036804, '15': 0.9123378396034241, '16': 1.2429338693618774, '17': 6.658913612365723, '18': 2.2690396308898926, '26': 2.7536768913269043, '28': 0.5044405460357666}",9377.621026709676,98733.2835169509,108110.90454366058,108.28202237421647,120.20729104003834,21.738326943485227,1.1101315657423614,81.21151678066235,0.0,0.75,0.75,1040,201.4188078207007,21.738326943485227,1.8601315657423614,1101.453125,1109.8046875,1520.453125,8.3515625,1044,,,,,
FPGA ARM CPU,fpga,cpu,FPGA board: floating-point ARM CPU,v4_mean_fused,3,16,4,0.5216886606039635,0.6084333909496429,0.7501708269119263,0.8337148427963257,0.613818883895874,0.7610135674476624,-15.241948127746582,10.318916320800781,0.03672666475176811,1.0230848789215088,3.745490901172161,2.3368888068944216,1.7690879702568054,16,[],"{'2': 3.3236074447631836, '3': 3.0067050457000732, '4': 1.6862739324569702, '7': 0.905971348285675, '8': 4.563321590423584, '10': 0.44313010573387146, '11': 1.8519020080566406, '12': 1.5602154731750488, '13': 2.9429001808166504, '14': 0.6597408652305603, '15': 1.179324746131897, '16': 0.5840970277786255, '17': 6.1198410987854, '18': 5.18836784362793, '26': 2.858822822570801, '28': 0.5159993767738342}",29743.139830883592,98917.49410424381,128660.63393512741,130.1448731343262,147.74415180824096,29.39365780171307,1.1352283670502337,97.60865485074464,0.0,0.75,0.75,1250,245.3528066589856,29.39365780171307,1.8852283670502337,1101.453125,947.73828125,1364.09375,-153.71484375,1258,,,,,
FPGA ARM CPU,fpga,cpu,FPGA board: floating-point ARM CPU,v4_smoothed_0p75,3,16,4,0.5216886606039635,0.6128924203415616,0.7485840320587158,0.8519029021263123,0.613818883895874,0.7535788416862488,-14.195788383483887,9.554509162902832,0.036715827882289886,0.9604902267456055,3.745490901172161,2.3557897694408894,2.0804595947265625,16,[],"{'2': 3.400907039642334, '3': 2.8146841526031494, '4': 1.6305466890335083, '7': 0.9208115935325623, '8': 4.528656959533691, '10': 0.6115198731422424, '11': 2.2777185440063477, '12': 1.8832006454467773, '13': 3.082172393798828, '14': 0.3576224446296692, '15': 0.7491163611412048, '16': 0.5655730366706848, '17': 6.400353908538818, '18': 5.209714889526367, '26': 2.7314698696136475, '28': 0.528567910194397}",29743.139830883592,98921.83019313961,128664.9700240232,130.14923326252028,147.82057812686125,29.466119128756866,1.135777556435516,97.61192494689021,0.0,0.75,0.75,1250,245.43250307375146,29.466119128756866,1.885777556435516,1101.453125,1056.390625,1471.58984375,-45.0625,1258,,,,,
FPGA ARM CPU,fpga,cpu,FPGA board: floating-point ARM CPU,v4_axial,4,14,8,0.5163238421344944,0.6046282199626015,0.7193865180015564,0.8474448323249817,0.5742167234420776,0.7202740907669067,-16.70236587524414,18.352880477905273,0.04831153526902199,1.0230070352554321,4.296920575201511,2.791857447475195,2.096345007419586,16,[],"{'2': 5.0753173828125, '3': 3.104069232940674, '4': 0.3925561308860779, '7': 7.3590569496154785, '8': 7.971880912780762, '10': 1.4677691459655762, '11': 3.1024184226989746, '12': 3.3224692344665527, '13': 2.8378539085388184, '14': 0.9949514865875244, '15': 1.3782867193222046, '16': 0.7885082960128784, '17': 2.350835084915161, '18': 1.8418549299240112, '26': 1.4970355033874512, '28': 1.1848558187484741}",9456.317878793925,97624.55529207364,107080.87317086756,107.25173553079367,118.93722201367352,21.40517501535802,1.108953821819739,80.43880164809525,0.0,0.75,0.75,1028,199.37602366176878,21.40517501535802,1.858953821819739,1078.48046875,1110.7109375,1507.18359375,32.23046875,1032,,,,,
FPGA ARM CPU,fpga,cpu,FPGA board: floating-point ARM CPU,v4_mean_fused,4,14,8,0.5163238421344944,0.5924340459387373,0.7193471193313599,0.8137471079826355,0.5742167234420776,0.7679404020309448,-11.46929931640625,15.648808479309082,0.08899404853582382,1.0223561525344849,4.296920575201511,2.5252364203333855,1.4709898829460144,16,[],"{'2': 4.695322036743164, '3': 3.8932530879974365, '4': 0.34950128197669983, '7': 7.939080238342285, '8': 7.838179588317871, '10': 0.9840283989906311, '11': 2.4918458461761475, '12': 3.631767511367798, '13': 1.479546308517456, '14': 0.5018730163574219, '15': 1.4624334573745728, '16': 0.7979917526245117, '17': 2.05850887298584, '18': 1.2696722745895386, '26': 0.35781100392341614, '28': 0.6529680490493774}",30200.766485650092,97796.63280490786,127997.39929055795,129.50036756508052,146.37710622033796,28.612709465842862,1.1303219363201886,97.12527567381039,0.0,0.75,0.75,1242,243.50238189414836,28.612709465842862,1.8803219363201886,1078.48046875,976.75390625,1399.0,-101.7265625,1250,,,,,
FPGA ARM CPU,fpga,cpu,FPGA board: floating-point ARM CPU,v4_smoothed_0p75,4,14,8,0.5163238421344944,0.5964843337314162,0.7181742787361145,0.8324184417724609,0.5742167234420776,0.761913537979126,-10.640864372253418,14.673125267028809,0.08897694200277328,0.9486858248710632,4.296920575201511,2.525621036067605,1.4662888646125793,16,[],"{'2': 4.674269676208496, '3': 3.7967679500579834, '4': 0.21248960494995117, '7': 8.07690715789795, '8': 7.813149452209473, '10': 1.1957441568374634, '11': 2.993844747543335, '12': 3.5344252586364746, '13': 1.4350844621658325, '14': 0.4815075397491455, '15': 1.4974932670593262, '16': 0.8727210760116577, '17': 1.5977061986923218, '18': 1.3076132535934448, '26': 0.339518278837204, '28': 0.5806944966316223}",30200.766485650092,97706.59468974918,127907.36117539927,129.4102280298248,146.31122853442093,28.62880241979901,1.1306001910505947,97.0576710223686,0.0,0.75,0.75,1241,243.36889955678953,28.62880241979901,1.8806001910505947,1078.48046875,1112.0078125,1523.76953125,33.52734375,1249,,,,,
FPGA ARM CPU,fpga,cpu,FPGA board: floating-point ARM CPU,v4_axial,5,5,9,0.5245065142387927,0.5986514377326833,0.7721909284591675,0.8964941501617432,0.5722911357879639,0.707644522190094,-15.046102523803711,19.038753509521484,0.04347781091928482,0.8701337575912476,3.2595636062324047,2.8814910128712654,2.3824020624160767,16,[],"{'2': 1.3889459371566772, '3': 0.8626992702484131, '4': 4.9827704429626465, '7': 2.546762704849243, '8': 1.565124273300171, '10': 3.015479803085327, '11': 7.819772243499756, '12': 3.1143925189971924, '13': 7.077253818511963, '14': 2.759777069091797, '15': 1.222136378288269, '16': 1.0826170444488525, '17': 1.4892586469650269, '18': 1.7170560359954834, '26': 3.2417685985565186, '28': 2.21804141998291}",9356.241569388658,97546.64140380919,106902.88297319785,107.0710450434126,119.19824224467558,21.83051065832224,1.1132630880397771,80.30328378255945,0.0,0.75,0.75,1024,199.50152602723503,21.83051065832224,1.8632630880397771,1053.33984375,1075.171875,1412.58984375,21.83203125,1028,,,,,
FPGA ARM CPU,fpga,cpu,FPGA board: floating-point ARM CPU,v4_mean_fused,5,5,9,0.5245065142387927,0.5874597597553834,0.7734619975090027,0.8648859262466431,0.5722911357879639,0.7799460887908936,-13.345952033996582,10.5857572555542,0.07176866382360458,0.912969708442688,3.2595636062324047,1.9193556532263756,1.579305648803711,16,[],"{'2': 1.7194606065750122, '3': 1.888630747795105, '4': 4.266451835632324, '7': 2.5875256061553955, '8': 2.2293050289154053, '10': 0.9640148282051086, '11': 2.7354021072387695, '12': 1.41830575466156, '13': 3.986354351043701, '14': 1.1207773685455322, '15': 0.8826935291290283, '16': 0.5285199284553528, '17': 2.7180838584899902, '18': 0.894368052482605, '26': 1.4391506910324097, '28': 1.3306461572647095}",29846.758652012795,97555.08931400254,127401.84796601534,128.86448005540296,145.92516644951257,28.739029899130504,1.132392466774201,96.64836004155222,0.0,0.75,0.75,1232,242.5735264910648,28.739029899130504,1.882392466774201,1053.33984375,1100.796875,1391.96484375,47.45703125,1240,,,,,
FPGA ARM CPU,fpga,cpu,FPGA board: floating-point ARM CPU,v4_smoothed_0p75,5,5,9,0.5245065142387927,0.5908861752840473,0.7721346616744995,0.8814009428024292,0.5722911357879639,0.7749963998794556,-11.751432418823242,9.40292739868164,0.0717640295624733,0.8491346836090088,3.2595636062324047,1.8683761283755302,1.659273386001587,16,[],"{'2': 1.6136213541030884, '3': 1.8064342737197876, '4': 4.0138044357299805, '7': 2.6002719402313232, '8': 2.192861795425415, '10': 1.1915614604949951, '11': 2.898602247238159, '12': 1.7049254179000854, '13': 3.76128888130188, '14': 0.9682194590568542, '15': 0.8394047021865845, '16': 0.5289244651794434, '17': 2.358118772506714, '18': 0.8465331196784973, '26': 1.3155395984649658, '28': 1.2539061307907104}",29846.758652012795,97632.2470260784,127479.0056780912,128.94159137737006,145.93122370464425,28.674964045848345,1.1317622354880907,96.70619353302754,0.0,0.75,0.75,1232,242.6374172376718,28.674964045848345,1.8817622354880907,1053.33984375,1075.3359375,1552.3515625,21.99609375,1240,,,,,
FPGA ARM CPU,fpga,cpu,FPGA board: floating-point ARM CPU,v4_axial,6,13,11,0.5017329558976177,0.5986211899671834,0.7556626200675964,0.8588585257530212,0.4667867124080658,0.6448379755020142,-15.024434089660645,18.713268280029297,0.024009324610233307,1.024524211883545,5.598027631640434,4.018353644758463,2.6705052852630615,16,[],"{'2': 0.8028954863548279, '3': 1.6263760328292847, '4': 8.3240385055542, '7': 1.3842942714691162, '8': 1.9040606021881104, '10': 3.2197623252868652, '11': 9.515656471252441, '12': 7.489927768707275, '13': 7.2870893478393555, '14': 4.1049981117248535, '15': 0.5352097153663635, '16': 0.8535642027854919, '17': 2.0723001956939697, '18': 5.122378826141357, '26': 7.929858207702637, '28': 2.121248245239258}",9636.890744790435,98855.73481069878,108492.62555548921,108.66193162929267,120.71434466427368,21.89990058888566,1.1109166094718306,81.4964487219695,0.0,0.75,0.75,1038,202.21079338624318,21.89990058888566,1.8609166094718306,1075.07421875,1056.50390625,1446.109375,-18.5703125,1042,,,,,
FPGA ARM CPU,fpga,cpu,FPGA board: floating-point ARM CPU,v4_mean_fused,6,13,11,0.5017329558976177,0.58542884728892,0.7585766911506653,0.8237550854682922,0.4667867124080658,0.7372738122940063,-14.417193412780762,13.637750625610352,0.0038537783548235893,1.0884658098220825,5.598027631640434,2.6185624562203884,2.2724128365516663,16,[],"{'2': 0.8417049646377563, '3': 2.8141047954559326, '4': 6.523278713226318, '7': 1.4099940061569214, '8': 1.9436639547348022, '10': 1.950909972190857, '11': 3.2694194316864014, '12': 6.418671131134033, '13': 2.8893890380859375, '14': 3.424743890762329, '15': 0.9738368391990662, '16': 0.7829298973083496, '17': 0.9672346115112305, '18': 3.673926591873169, '26': 2.5939157009124756, '28': 1.4192757606506348}",30397.91618473828,98801.17212282494,129199.08830756322,130.70595686743036,147.51861647778304,28.657886951463546,1.1286296356592613,98.02946765057277,0.0,0.75,0.75,1249,245.5480841283558,28.657886951463546,1.8786296356592613,1075.07421875,1055.31640625,1436.796875,-19.7578125,1257,,,,,
FPGA ARM CPU,fpga,cpu,FPGA board: floating-point ARM CPU,v4_smoothed_0p75,6,13,11,0.5017329558976177,0.5919900034061805,0.7569531202316284,0.8401495814323425,0.4667867124080658,0.7292391061782837,-13.490927696228027,12.91159725189209,0.0038568000309169292,1.0268359184265137,5.598027631640434,2.689324051141739,2.391524314880371,16,[],"{'2': 0.8258622884750366, '3': 2.79795503616333, '4': 6.72487735748291, '7': 1.471169114112854, '8': 1.985093593597412, '10': 1.9572160243988037, '11': 3.373582363128662, '12': 6.396190166473389, '13': 3.577666759490967, '14': 3.0785629749298096, '15': 0.8607291579246521, '16': 0.7631832957267761, '17': 1.6772758960723877, '18': 3.3910462856292725, '26': 2.880695104598999, '28': 1.268079400062561}",30397.91618473828,98878.44822695479,129276.36441169307,130.7832652614452,147.66225166052016,28.73121981339343,1.129060750741562,98.0874489460839,0.0,0.75,0.75,1249,245.74970060660405,28.73121981339343,1.879060750741562,1075.07421875,1056.50390625,1458.109375,-18.5703125,1257,,,,,
FPGA ARM CPU,fpga,cpu,FPGA board: floating-point ARM CPU,v4_axial,7,7,10,0.5090681874608713,0.5982274286019613,0.7126587629318237,0.8364729881286621,0.625015377998352,0.7535105347633362,-12.310969352722168,13.058209419250488,0.0455167330801487,0.8424162268638611,3.703852728009224,2.1861473508179188,1.8050182461738586,16,[],"{'2': 0.8050324320793152, '3': 1.3800256252288818, '4': 1.769348382949829, '7': 2.0965819358825684, '8': 4.383522033691406, '10': 1.5647737979888916, '11': 1.8406881093978882, '12': 1.6834383010864258, '13': 4.328453063964844, '14': 3.5642645359039307, '15': 0.7496671676635742, '16': 1.4395650625228882, '17': 2.078935146331787, '18': 2.6994144916534424, '26': 2.945256471633911, '28': 1.6493910551071167}",9758.314250968397,97468.55260012671,107226.86685109511,107.41417722357437,119.18503809263113,21.505270679943187,1.1095838666115425,80.56063291768078,0.0,0.75,0.75,1023,199.74567101031192,21.505270679943187,1.8595838666115427,1052.2265625,1083.79296875,1477.2734375,31.56640625,1027,,,,,
FPGA ARM CPU,fpga,cpu,FPGA board: floating-point ARM CPU,v4_mean_fused,7,7,10,0.5090681874608713,0.5926076253425901,0.7104336619377136,0.8063408136367798,0.625015377998352,0.7641151547431946,-11.328875541687012,10.160857200622559,0.03464510291814804,0.8848361372947693,3.703852728009224,1.8470651768147945,1.3391276597976685,16,[],"{'2': 0.5175100564956665, '3': 2.1079225540161133, '4': 0.3733826279640198, '7': 2.071399450302124, '8': 4.059903621673584, '10': 1.2792742252349854, '11': 2.1759679317474365, '12': 1.3414881229400635, '13': 3.0008132457733154, '14': 3.5040299892425537, '15': 0.9263341426849365, '16': 1.0978360176086426, '17': 1.1861315965652466, '18': 1.3367671966552734, '26': 3.288404941558838, '28': 1.2858771085739136}",30470.428936649114,97485.48596818,127955.91490482911,129.46538415458053,145.48517888562208,27.752595170050377,1.123738054273365,97.0990381159354,0.0,0.75,0.75,1233,242.58421700155745,27.752595170050377,1.8737380542733648,1052.2265625,1030.4453125,1378.5859375,-21.78125,1241,,,,,
FPGA ARM CPU,fpga,cpu,FPGA board: floating-point ARM CPU,v4_smoothed_0p75,7,7,10,0.5090681874608713,0.5948238733095108,0.7103931903839111,0.823820948600769,0.625015377998352,0.7605161070823669,-9.878927230834961,8.50081729888916,0.03464807942509651,0.8198282718658447,3.703852728009224,1.861014561727643,1.4715502262115479,16,[],"{'2': 0.42155078053474426, '3': 1.7952603101730347, '4': 0.680675208568573, '7': 2.148543357849121, '8': 4.016349792480469, '10': 1.3334665298461914, '11': 2.461263418197632, '12': 1.4625420570373535, '13': 3.265683889389038, '14': 3.495595932006836, '15': 0.8323397636413574, '16': 1.2840280532836914, '17': 0.6065943837165833, '18': 1.4805583953857422, '26': 3.099451780319214, '28': 1.3923293352127075}",30470.428936649114,97520.70234995335,127991.13128660247,129.50058035645634,145.5722444845822,27.807654222929706,1.1241049583244171,97.12543526734225,0.0,0.75,0.75,1234,242.69767975192445,27.807654222929706,1.8741049583244171,1052.2265625,1085.45703125,1390.1875,33.23046875,1242,,,,,
FPGA ARM CPU,fpga,cpu,FPGA board: floating-point ARM CPU,v4_axial,8,15,3,0.5117392244171299,0.612519129261931,0.7592675685882568,0.8674190044403076,0.5293892621994019,0.6942342519760132,-23.11994171142578,18.931100845336914,0.017773933708667755,1.1407396793365479,2.845947526395321,1.8310955837368965,1.5383535623550415,16,[],"{'2': 1.2554020881652832, '3': 0.6773870587348938, '4': 4.4717020988464355, '7': 1.314229965209961, '8': 0.7232199311256409, '10': 2.600708484649658, '11': 2.054758310317993, '12': 2.3874893188476562, '13': 3.26351261138916, '14': 0.941802442073822, '15': 1.0863031148910522, '16': 0.6969839930534363, '17': 2.525763750076294, '18': 1.380349040031433, '26': 1.69635808467865, '28': 2.2215590476989746}",9561.454033479095,99021.52610663325,108582.98014011234,108.75119948433712,120.55594778227307,21.66032575120399,1.1085482123775208,81.56339961325284,0.0,0.75,0.75,1034,202.11934739552592,21.66032575120399,1.8585482123775208,1080.21875,1048.2734375,1557.6640625,-31.9453125,1038,,,,,
FPGA ARM CPU,fpga,cpu,FPGA board: floating-point ARM CPU,v4_mean_fused,8,15,3,0.5117392244171299,0.5961882136598959,0.7634197473526001,0.8329796195030212,0.5293892621994019,0.7324158549308777,-14.477578163146973,15.102500915527344,0.05414443090558052,1.172886610031128,2.845947526395321,1.5959821604192257,1.3274890184402466,16,[],"{'2': 2.0756304264068604, '3': 0.898277759552002, '4': 0.681156575679779, '7': 1.4403847455978394, '8': 0.5930534601211548, '10': 2.2906858921051025, '11': 5.081470489501953, '12': 2.0176186561584473, '13': 1.2145932912826538, '14': 0.6478694081306458, '15': 1.1206144094467163, '16': 0.7821378707885742, '17': 1.8688617944717407, '18': 0.9933158755302429, '26': 2.0952274799346924, '28': 1.7348164319992065}",30254.06322348863,98871.13492097706,129125.19814446568,130.59070479124784,146.9070501217276,28.151127952186577,1.1249426240294957,97.94302859343588,0.0,0.75,0.75,1242,244.85007871516348,28.151127952186577,1.8749426240294957,1080.21875,1020.4921875,1502.04296875,-59.7265625,1250,,,,,
FPGA ARM CPU,fpga,cpu,FPGA board: floating-point ARM CPU,v4_smoothed_0p75,8,15,3,0.5117392244171299,0.6042278445089417,0.7603079080581665,0.8526779413223267,0.5293892621994019,0.7316064238548279,-13.433113098144531,13.613399505615234,0.05413176491856575,1.100115418434143,2.845947526395321,1.5684357415884733,1.3803393244743347,16,[],"{'2': 1.9831937551498413, '3': 0.9382025599479675, '4': 1.1656899452209473, '7': 1.433282494544983, '8': 0.5263025760650635, '10': 2.2581281661987305, '11': 4.431274890899658, '12': 2.336045265197754, '13': 1.3273961544036865, '14': 0.32068565487861633, '15': 1.1901040077209473, '16': 0.5399641990661621, '17': 1.8245478868484497, '18': 1.0168676376342773, '26': 1.914868712425232, '28': 1.8884179592132568}",30254.06322348863,98881.17555482313,129135.23877831176,130.60065175499767,146.96079096726612,28.195823277565133,1.1252684346702917,97.95048881624825,0.0,0.75,0.75,1242,244.91127978351437,28.195823277565133,1.8752684346702917,1080.21875,1048.4921875,1535.94140625,-31.7265625,1250,,,,,
Local CPU,local,cpu,Local WSL: Ryzen host CPU,v4_axial,0,2,17,0.5340559178971006,0.6245687127179006,0.7231135368347168,0.848125159740448,0.543096125125885,0.720072865486145,-16.582136154174805,17.9976863861084,-0.01278322096914053,1.0352213382720947,3.314187064766884,2.220952495932579,2.137384355068207,16,[],"{'2': 0.5935928225517273, '3': 1.0102345943450928, '4': 1.4950703382492065, '7': 3.3608763217926025, '8': 1.7164405584335327, '10': 1.292117714881897, '11': 5.092231273651123, '12': 2.558328151702881, '13': 3.0756988525390625, '14': 0.885754406452179, '15': 2.95082950592041, '16': 2.7897350788116455, '17': 3.523705244064331, '18': 1.3747602701187134, '26': 2.560335874557495, '28': 1.2555289268493652}",179.84520299796714,2796.4703350007767,2976.315537998744,2.9995880449987453,224.66502526646502,14.151580250567633,74.89862671010846,,,,,0,224.66502526646502,14.151580250567633,74.89862671010846,1179.0,1315.78125,1545.640625,136.7109375,33,16.0,107.8,29.0,LibreHardwareMonitor/OpenHardwareMonitor,1.0
Local CPU,local,cpu,Local WSL: Ryzen host CPU,v4_mean_fused,0,2,17,0.5340559178971006,0.6104320081461951,0.7235265374183655,0.8157001733779907,0.543096125125885,0.7816232442855835,-14.456493377685547,11.07197380065918,-0.01708751730620861,1.0757815837860107,3.314187064766884,1.5735585503280163,1.474664032459259,16,[],"{'2': 1.3075690269470215, '3': 1.6002576351165771, '4': 2.087630033493042, '7': 2.989292621612549, '8': 2.0530202388763428, '10': 0.7807902693748474, '11': 1.9024724960327148, '12': 0.7328728437423706, '13': 1.2348960638046265, '14': 0.7450658679008484, '15': 1.4725483655929565, '16': 2.257371425628662, '17': 2.7460761070251465, '18': 1.1660616397857666, '26': 1.4767796993255615, '28': 0.6242324709892273}",582.3858120002114,2727.400343001136,3309.7861550013477,3.3998451870011195,215.57918458229906,0.1171319535354094,63.40852971968811,,,,,0,215.57918458229906,0.1171319535354094,63.40852971968811,1179.0,1691.0546875,1771.48046875,376.1484375,42,16.0,107.8,34.0,LibreHardwareMonitor/OpenHardwareMonitor,1.0
Local CPU,local,cpu,Local WSL: Ryzen host CPU,v4_smoothed_0p75,0,2,17,0.5340559178971006,0.6162232949333618,0.7225708365440369,0.8330307006835938,0.543096125125885,0.7780616283416748,-12.860873222351074,10.329117774963379,-0.017086949199438095,1.0126689672470093,3.314187064766884,1.6104187183082104,1.6313756704330444,16,[],"{'2': 1.0699697732925415, '3': 1.644288182258606, '4': 2.084874391555786, '7': 3.01222562789917, '8': 1.866088628768921, '10': 0.9456928968429565, '11': 1.786206603050232, '12': 0.8949371576309204, '13': 1.618463158607483, '14': 0.7256729006767273, '15': 2.2713096141815186, '16': 2.16461443901062, '17': 2.4590981006622314, '18': 1.059830665588379, '26': 1.4413148164749146, '28': 0.7221125364303589}",582.3858120002114,2711.274365999998,3293.6601780002093,3.3839043800016952,238.45949066076682,4.662890698088621,70.46874375943429,,,,,0,238.45949066076682,4.662890698088621,70.46874375943429,1179.0,1637.42578125,1717.8671875,-52.75,42,16.0,107.8,34.0,LibreHardwareMonitor/OpenHardwareMonitor,1.0
Local CPU,local,cpu,Local WSL: Ryzen host CPU,v4_axial,1,1,12,0.5074835462133863,0.6035393961495574,0.7228731513023376,0.8459017872810364,0.5371754169464111,0.6829129457473755,-14.727065086364746,19.642091751098633,0.11601357161998749,1.0338925123214722,4.1216456815600395,2.701620290055871,2.6325358152389526,16,[],"{'2': 3.187366485595703, '3': 2.6587541103363037, '4': 2.5800118446350098, '7': 0.5543947219848633, '8': 1.5165197849273682, '10': 7.966923236846924, '11': 2.881491184234619, '12': 1.8427714109420776, '13': 2.6063175201416016, '14': 4.197061061859131, '15': 1.1722644567489624, '16': 0.4852358400821686, '17': 3.359086036682129, '18': 1.3590009212493896, '26': 3.609100103378296, '28': 3.2496259212493896}",172.0574149985623,2754.2009300013888,2926.258344999951,2.9472065009995276,214.36843420541666,5.623459086415323,72.73614323689733,,,,,0,214.36843420541666,5.623459086415323,72.73614323689733,1723.76171875,1723.90234375,1938.26953125,0.140625,33,16.0,120.6,29.0,LibreHardwareMonitor/OpenHardwareMonitor,1.0
Local CPU,local,cpu,Local WSL: Ryzen host CPU,v4_mean_fused,1,1,12,0.5074835462133863,0.5900255218632906,0.7237753868103027,0.8138908743858337,0.5371754169464111,0.7614457607269287,-9.804730415344238,13.67992877960205,0.15826517343521118,1.0598657131195068,4.1216456815600395,1.9587443135678768,1.5961545705795288,16,[],"{'2': 3.26714825630188, '3': 2.5401101112365723, '4': 1.914347767829895, '7': 0.7470795512199402, '8': 1.651528000831604, '10': 3.733025312423706, '11': 3.4604358673095703, '12': 3.665250778198242, '13': 1.474218487739563, '14': 0.6679221391677856, '15': 1.5036026239395142, '16': 0.539634644985199, '17': 2.8747200965881348, '18': 0.6238357424736023, '26': 1.1362684965133667, '28': 1.5407811403274536}",554.4561160004378,2737.1021630006,3291.5582790010376,3.3830770640033734,239.23974417889556,13.446554614122457,70.71661084060277,,,,,0,239.23974417889556,13.446554614122457,70.71661084060277,1723.76171875,1804.34765625,2018.7265625,80.4453125,42,16.0,120.6,34.0,LibreHardwareMonitor/OpenHardwareMonitor,1.0
Local CPU,local,cpu,Local WSL: Ryzen host CPU,v4_smoothed_0p75,1,1,12,0.5074835462133863,0.5949503287573255,0.7219494581222534,0.8289262056350708,0.5371754169464111,0.7551990747451782,-8.044403076171875,12.868721008300781,0.15825624763965607,0.998870313167572,4.1216456815600395,1.9651084393262863,1.6172396540641785,16,[],"{'2': 3.3054563999176025, '3': 2.373626470565796, '4': 2.442267894744873, '7': 0.7821769118309021, '8': 1.6082863807678223, '10': 3.990399122238159, '11': 3.01702880859375, '12': 3.5862207412719727, '13': 1.2927687168121338, '14': 0.7186399698257446, '15': 1.6261929273605347, '16': 0.6063750386238098, '17': 3.1028974056243896, '18': 0.604811429977417, '26': 1.000906229019165, '28': 1.3836805820465088}",554.4561160004378,2729.9041189999116,3284.3602350003493,3.3758583740018366,214.80000010748478,13.446554614122457,63.62826170721578,,,,,0,214.80000010748478,13.446554614122457,63.62826170721578,1723.76171875,2152.79296875,2313.67578125,348.4453125,42,16.0,120.6,34.0,LibreHardwareMonitor/OpenHardwareMonitor,1.0
Local CPU,local,cpu,Local WSL: Ryzen host CPU,v4_axial,2,6,0,0.5126965057978938,0.5967958009415772,0.7513570189476013,0.8502862453460693,0.6787030696868896,0.7759519219398499,-11.276390075683594,11.574999809265137,-0.011272179894149303,0.8328893184661865,2.632415499538183,1.795714994892478,1.6759834289550781,16,[],"{'2': 0.42837536334991455, '3': 1.817556381225586, '4': 1.5344104766845703, '7': 2.88134503364563, '8': 2.68440318107605, '10': 1.253661036491394, '11': 1.8286768198013306, '12': 4.175484657287598, '13': 3.3152191638946533, '14': 1.039288878440857, '15': 0.48492172360420227, '16': 1.0924549102783203, '17': 1.8771514892578125, '18': 0.7091190218925476, '26': 2.272782325744629, '28': 1.3365894556045532}",187.00384300245787,2721.5575800000806,2908.5614230025385,2.9291721160007,209.35223325884985,1.4327048205934432,71.47146871815976,,,,,0,209.35223325884985,1.4327048205934432,71.47146871815976,1750.53515625,1750.55078125,1911.3046875,0.01171875,32,16.0,124.7,28.0,LibreHardwareMonitor/OpenHardwareMonitor,1.0
Local CPU,local,cpu,Local WSL: Ryzen host CPU,v4_mean_fused,2,6,0,0.5126965057978938,0.5849355610820988,0.7517234086990356,0.8199763894081116,0.6787030696868896,0.7886664867401123,-10.210125923156738,8.003216743469238,0.01913885399699211,0.8719611167907715,2.632415499538183,1.6958437338471413,1.1574618220329285,16,[],"{'2': 1.0604395866394043, '3': 3.299760580062866, '4': 0.8818417191505432, '7': 2.4258174896240234, '8': 2.9721343517303467, '10': 1.045872688293457, '11': 1.2141081094741821, '12': 3.131178855895996, '13': 3.509704113006592, '14': 0.7905281186103821, '15': 1.1008155345916748, '16': 0.6690558791160583, '17': 1.3857107162475586, '18': 0.5691773891448975, '26': 2.149425506591797, '28': 0.9279291033744812}",584.6947669997462,2831.718075000026,3416.4128419997724,3.50576638000166,257.534080511934,24.879509667126065,73.46013755537587,,,,,0,257.534080511934,24.879509667126065,73.46013755537587,1750.53515625,1750.55078125,1991.87109375,0.00390625,43,16.0,124.7,35.0,LibreHardwareMonitor/OpenHardwareMonitor,1.0
Local CPU,local,cpu,Local WSL: Ryzen host CPU,v4_smoothed_0p75,2,6,0,0.5126965057978938,0.5868046374746658,0.7500823140144348,0.8389983773231506,0.6787030696868896,0.7875681519508362,-9.500360488891602,6.709616184234619,0.01912875846028328,0.8050643801689148,2.632415499538183,1.6809147372841835,1.3517915606498718,16,[],"{'2': 1.062601089477539, '3': 3.1089048385620117, '4': 0.9168207049369812, '7': 2.498293876647949, '8': 3.0083279609680176, '10': 1.1851228475570679, '11': 1.68546724319458, '12': 3.2689435482025146, '13': 2.523158311843872, '14': 0.9674195647239685, '15': 1.0050125122070312, '16': 0.7038962841033936, '17': 1.5184602737426758, '18': 0.6295842528343201, '26': 1.8988226652145386, '28': 0.9137998223304749}",584.6947669997462,2855.3632580005797,3440.058025000326,3.5294763750007405,264.3979586933149,24.879509667126065,74.91138361657383,,,,,0,264.3979586933149,24.879509667126065,74.91138361657383,1750.53515625,1830.9921875,2045.375,80.4453125,43,16.0,124.7,35.0,LibreHardwareMonitor/OpenHardwareMonitor,1.0
Local CPU,local,cpu,Local WSL: Ryzen host CPU,v4_axial,3,16,4,0.5216886606039632,0.6191659225227589,0.7480819225311279,0.8639249205589294,0.613818883895874,0.7443816661834717,-15.90560531616211,11.60703182220459,0.019380034878849983,0.9963406324386597,3.745490826666355,2.0685086492449045,1.5502974390983582,16,[],"{'2': 3.0105397701263428, '3': 1.4931150674819946, '4': 1.6074798107147217, '7': 0.8727370500564575, '8': 3.747910976409912, '10': 1.2662348747253418, '11': 4.032684803009033, '12': 0.6444724798202515, '13': 1.6932188272476196, '14': 0.38640281558036804, '15': 0.9123378396034241, '16': 1.2429338693618774, '17': 6.658913612365723, '18': 2.2690393924713135, '26': 2.753676652908325, '28': 0.5044405460357666}",179.780264999863,2849.6021120008663,3029.3823770007293,3.0515638560009393,213.8331860849778,0.0,70.07331197230958,,,,,0,213.8331860849778,0.0,70.07331197230958,1670.109375,1756.0859375,2126.7578125,85.9765625,33,16.0,93.9,29.0,LibreHardwareMonitor/OpenHardwareMonitor,1.0
Local CPU,local,cpu,Local WSL: Ryzen host CPU,v4_mean_fused,3,16,4,0.5216886606039632,0.6084334536070012,0.7501704692840576,0.833714485168457,0.613818883895874,0.7610138654708862,-15.24194622039795,10.318917274475098,0.036726679652929306,1.0230848789215088,3.745490826666355,2.336913028731942,1.7690880298614502,16,[],"{'2': 3.323622703552246, '3': 3.007077217102051, '4': 1.6862739324569702, '7': 0.905971348285675, '8': 4.563321590423584, '10': 0.44313010573387146, '11': 1.8519021272659302, '12': 1.5602154731750488, '13': 2.9429001808166504, '14': 0.6597408652305603, '15': 1.179324746131897, '16': 0.5840970277786255, '17': 6.1198410987854, '18': 5.18836784362793, '26': 2.858822822570801, '28': 0.5159993767738342}",570.8527990009316,2870.850628998596,3441.703427999528,3.535164276003343,216.650800268539,0.0,61.284507127196974,,,,,0,216.650800268539,0.0,61.284507127196974,1670.109375,1836.53125,2074.203125,80.44921875,43,16.0,93.9,35.0,LibreHardwareMonitor/OpenHardwareMonitor,1.0
Local CPU,local,cpu,Local WSL: Ryzen host CPU,v4_smoothed_0p75,3,16,4,0.5216886606039632,0.6128926135343193,0.7485832571983337,0.8519025444984436,0.613818883895874,0.7535786628723145,-14.195788383483887,9.554508209228516,0.03671584650874138,0.9604902267456055,3.745490826666355,2.3557821102440357,2.0804595947265625,16,[],"{'2': 3.400907039642334, '3': 2.8145625591278076, '4': 1.6305466890335083, '7': 0.9208115935325623, '8': 4.528656482696533, '10': 0.6115198731422424, '11': 2.2777185440063477, '12': 1.8832006454467773, '13': 3.082172393798828, '14': 0.3576224446296692, '15': 0.7491163611412048, '16': 0.5655730366706848, '17': 6.40035343170166, '18': 5.209714889526367, '26': 2.7314698696136475, '28': 0.528567910194397}",570.8527990009316,2744.739922000008,3315.5927210009395,3.4090352590028488,212.59965643108293,0.0,62.36358391120567,,,,,0,212.59965643108293,0.0,62.36358391120567,1670.109375,2238.6015625,2399.484375,402.07421875,42,16.0,93.9,34.0,LibreHardwareMonitor/OpenHardwareMonitor,1.0
Local CPU,local,cpu,Local WSL: Ryzen host CPU,v4_axial,4,14,8,0.5163238421344943,0.6046282611538629,0.7193865180015564,0.8474448323249817,0.5742167234420776,0.7202745676040649,-16.702367782592773,18.352880477905273,0.048311587423086166,1.0230070352554321,4.29692056030035,2.791832458227873,2.096345067024231,16,[],"{'2': 5.075343608856201, '3': 3.1041784286499023, '4': 0.3925561308860779, '7': 7.3590569496154785, '8': 7.9713454246521, '10': 1.4677691459655762, '11': 3.1024184226989746, '12': 3.3224692344665527, '13': 2.8378539085388184, '14': 0.9949514865875244, '15': 1.3782867193222046, '16': 0.7885082960128784, '17': 2.350835084915161, '18': 1.8418550491333008, '26': 1.4970356225967407, '28': 1.1848558187484741}",178.95042199961608,2727.488191998418,2906.4386139980343,2.926176240998757,210.26296680640073,4.03763081398688,71.85587930774606,,,,,0,210.26296680640073,4.03763081398688,71.85587930774606,1836.53125,1970.46875,2050.91015625,133.9375,32,16.0,122.5,28.0,LibreHardwareMonitor/OpenHardwareMonitor,1.0
Local CPU,local,cpu,Local WSL: Ryzen host CPU,v4_mean_fused,4,14,8,0.5163238421344943,0.5924340400609023,0.7193471193313599,0.8137471079826355,0.5742167234420776,0.7679404020309448,-11.469303131103516,15.64880657196045,0.0889940857887268,1.0223561525344849,4.29692056030035,2.5252473764121532,1.4709898829460144,16,[],"{'2': 4.695356369018555, '3': 3.8933937549591064, '4': 0.34950128197669983, '7': 7.939080238342285, '8': 7.838179588317871, '10': 0.9840283989906311, '11': 2.4918460845947266, '12': 3.631767511367798, '13': 1.479546308517456, '14': 0.5018730163574219, '15': 1.4624334573745728, '16': 0.7979918122291565, '17': 2.05850887298584, '18': 1.2696722745895386, '26': 0.35781100392341614, '28': 0.6529680490493774}",559.3786169974919,2787.0429809991037,3346.4215979965957,3.4388725149983657,233.7702502837179,18.146371634717646,67.97874863466086,,,,,0,233.7702502837179,18.146371634717646,67.97874863466086,1836.53125,2024.09375,2184.9765625,53.625,43,16.0,122.5,35.0,LibreHardwareMonitor/OpenHardwareMonitor,1.0
Local CPU,local,cpu,Local WSL: Ryzen host CPU,v4_smoothed_0p75,4,14,8,0.5163238421344943,0.5964843501960926,0.7181740999221802,0.8324184417724609,0.5742167234420776,0.761913537979126,-10.64086627960205,14.673123359680176,0.08897700160741806,0.9486859440803528,4.29692056030035,2.5256222281605005,1.4662888646125793,16,[],"{'2': 4.67440128326416, '3': 3.7966556549072266, '4': 0.21248960494995117, '7': 8.07690715789795, '8': 7.813149452209473, '10': 1.1957441568374634, '11': 2.993844747543335, '12': 3.5344250202178955, '13': 1.4350844621658325, '14': 0.4815075397491455, '15': 1.4974932670593262, '16': 0.8727210760116577, '17': 1.5977061986923218, '18': 1.3076132535934448, '26': 0.339518278837204, '28': 0.5806944966316223}",559.3786169974919,2692.7138619994366,3252.0924789969285,3.344527745997766,226.6743798573376,18.146371634717646,67.77470455390535,,,,,0,226.6743798573376,18.146371634717646,67.77470455390535,1836.53125,2131.34765625,2211.78515625,107.25390625,42,16.0,122.5,34.0,LibreHardwareMonitor/OpenHardwareMonitor,1.0
Local CPU,local,cpu,Local WSL: Ryzen host CPU,v4_axial,5,5,9,0.5245065142387927,0.598651438665031,0.772191047668457,0.8964940309524536,0.5722911357879639,0.7076445817947388,-15.046110153198242,19.038747787475586,0.04347779229283333,0.8701337575912476,3.259563598781824,2.8814823515713215,2.3824020624160767,16,[],"{'2': 1.3889459371566772, '3': 0.8625602126121521, '4': 4.982770919799805, '7': 2.546762704849243, '8': 1.565124273300171, '10': 3.015479803085327, '11': 7.819772243499756, '12': 3.1143925189971924, '13': 7.077253818511963, '14': 2.759777069091797, '15': 1.222136378288269, '16': 1.0826170444488525, '17': 1.4892586469650269, '18': 1.7170560359954834, '26': 3.2417685985565186, '28': 2.21804141998291}",182.7539309997519,2721.746858998813,2904.500789998565,2.9248976319995563,216.70947267179537,10.247819546544633,74.09130162399757,,,,,0,216.70947267179537,10.247819546544633,74.09130162399757,1769.4921875,1769.53125,1876.76953125,0.015625,32,16.0,119.1,28.0,LibreHardwareMonitor/OpenHardwareMonitor,1.0
Local CPU,local,cpu,Local WSL: Ryzen host CPU,v4_mean_fused,5,5,9,0.5245065142387927,0.5874597758669318,0.7734619975090027,0.8648858666419983,0.5722911357879639,0.779945969581604,-13.345951080322266,10.5857572555542,0.0717686265707016,0.912969708442688,3.259563598781824,1.9193565882742405,1.5793099403381348,16,[],"{'2': 1.7194691896438599, '3': 1.8886369466781616, '4': 4.266451835632324, '7': 2.5875256061553955, '8': 2.2293052673339844, '10': 0.9640147686004639, '11': 2.7354021072387695, '12': 1.41830575466156, '13': 3.986354351043701, '14': 1.1207773685455322, '15': 0.8826935291290283, '16': 0.5285199284553528, '17': 2.7180838584899902, '18': 0.894368052482605, '26': 1.4391506910324097, '28': 1.3306461572647095}",577.2843240029033,2754.7197669991874,3332.0040910020907,3.4226292990006186,234.55127404261827,22.188345162789272,68.52955828757308,,,,,0,234.55127404261827,22.188345162789272,68.52955828757308,1769.4921875,1796.34765625,1984.0390625,26.83984375,43,16.0,119.1,35.0,LibreHardwareMonitor/OpenHardwareMonitor,1.0
Local CPU,local,cpu,Local WSL: Ryzen host CPU,v4_smoothed_0p75,5,5,9,0.5245065142387927,0.590886866255156,0.7721346616744995,0.8814009428024292,0.5722911357879639,0.7749963998794556,-11.751432418823242,9.40292739868164,0.07176399230957031,0.8491346836090088,3.259563598781824,1.8683761581778526,1.659273386001587,16,[],"{'2': 1.6136213541030884, '3': 1.8064342737197876, '4': 4.013804912567139, '7': 2.6002719402313232, '8': 2.192861795425415, '10': 1.1915614604949951, '11': 2.898602247238159, '12': 1.7049254179000854, '13': 3.76128888130188, '14': 0.9682194590568542, '15': 0.8394047021865845, '16': 0.5289244651794434, '17': 2.358118772506714, '18': 0.8465331196784973, '26': 1.3155395984649658, '28': 1.2539061307907104}",577.2843240029033,2828.47357799983,3405.7579020027333,3.4963668059990596,236.1709891483286,22.188345162789272,67.54754356525376,,,,,0,236.1709891483286,22.188345162789272,67.54754356525376,1769.4921875,1876.80078125,2117.99609375,80.46484375,43,16.0,119.1,35.0,LibreHardwareMonitor/OpenHardwareMonitor,1.0
Local CPU,local,cpu,Local WSL: Ryzen host CPU,v4_axial,6,13,11,0.5017329558976176,0.5986212814039302,0.7556625604629517,0.8588585257530212,0.4667867124080658,0.6448377370834351,-15.024435997009277,18.71327781677246,0.024009259417653084,1.024524211883545,5.5980276092886925,4.018354874104261,2.670505404472351,16,[],"{'2': 0.8029041290283203, '3': 1.6263865232467651, '4': 8.3240385055542, '7': 1.3842943906784058, '8': 1.9040607213974, '10': 3.2197625637054443, '11': 9.515656471252441, '12': 7.489928245544434, '13': 7.287088871002197, '14': 4.1049981117248535, '15': 0.5352097749710083, '16': 0.8535642027854919, '17': 2.0723001956939697, '18': 5.122378826141357, '26': 7.929858207702637, '28': 2.121248245239258}",184.5812539995677,2672.9616969987546,2857.5429509983223,2.8792723450005724,208.31928019048897,5.396324910288172,72.3513635492677,,,,,0,208.31928019048897,5.396324910288172,72.3513635492677,1836.5859375,1890.0859375,1970.52734375,53.5,32,16.0,98.2,28.0,LibreHardwareMonitor/OpenHardwareMonitor,1.0
Local CPU,local,cpu,Local WSL: Ryzen host CPU,v4_mean_fused,6,13,11,0.5017329558976176,0.585428681927905,0.7585766911506653,0.8237550854682922,0.4667867124080658,0.7372739315032959,-14.417193412780762,13.6377534866333,0.003853647969663143,1.0884658098220825,5.5980276092886925,2.618561986833811,2.2724128365516663,16,[],"{'2': 0.8417305946350098, '3': 2.814072370529175, '4': 6.52327823638916, '7': 1.4099940061569214, '8': 1.9436639547348022, '10': 1.950909972190857, '11': 3.2694194316864014, '12': 6.418670654296875, '13': 2.8893892765045166, '14': 3.424743890762329, '15': 0.9738368391990662, '16': 0.7829298973083496, '17': 0.9672346115112305, '18': 3.673926591873169, '26': 2.5939157009124756, '28': 1.4192757606506348}",579.4726029962476,2724.322048999966,3303.7946519962134,3.396597874003419,212.29280613822127,0.0,62.50160131202143,,,,,0,212.29280613822127,0.0,62.50160131202143,1836.5859375,1836.5859375,1997.46484375,-53.5,42,16.0,67.0,34.0,LibreHardwareMonitor/OpenHardwareMonitor,1.0
Local CPU,local,cpu,Local WSL: Ryzen host CPU,v4_smoothed_0p75,6,13,11,0.5017329558976176,0.5919898738698666,0.7569531202316284,0.8401495218276978,0.4667867124080658,0.7292392253875732,-13.490927696228027,12.911599159240723,0.0038566896691918373,1.0268359184265137,5.5980276092886925,2.689312543720007,2.391442060470581,16,[],"{'2': 0.8258426785469055, '3': 2.79779052734375, '4': 6.72487735748291, '7': 1.471169114112854, '8': 1.985093593597412, '10': 1.9572160243988037, '11': 3.373582363128662, '12': 6.396190166473389, '13': 3.577666759490967, '14': 3.0785629749298096, '15': 0.8607291579246521, '16': 0.7631832957267761, '17': 1.6772758960723877, '18': 3.3910462856292725, '26': 2.880695104598999, '28': 1.268079400062561}",579.4726029962476,2788.760979001381,3368.233581997629,3.4610233630046423,216.53605211958734,0.0,62.5641694402214,,,,,0,216.53605211958734,0.0,62.5641694402214,1836.5859375,1836.5859375,2077.90625,0.0,42,16.0,70.1,34.0,LibreHardwareMonitor/OpenHardwareMonitor,1.0
Local CPU,local,cpu,Local WSL: Ryzen host CPU,v4_axial,7,7,10,0.5090681874608713,0.5982275265051904,0.7126588821411133,0.8364729881286621,0.625015377998352,0.7535104155540466,-12.310968399047852,13.058209419250488,0.0455167256295681,0.8424162268638611,3.703852728009224,2.1861634328961372,1.8050182461738586,16,[],"{'2': 0.8051482439041138, '3': 1.3801666498184204, '4': 1.769348382949829, '7': 2.0965819358825684, '8': 4.383522033691406, '10': 1.5647737979888916, '11': 1.8406881093978882, '12': 1.6834383010864258, '13': 4.328453540802002, '14': 3.5642645359039307, '15': 0.7496671676635742, '16': 1.4395650625228882, '17': 2.078935146331787, '18': 2.6994144916534424, '26': 2.945256471633911, '28': 1.6493910551071167}",180.55822099995567,2763.9024569998583,2944.460677999814,2.966194728998744,213.25135408777112,4.762878037099171,71.89391579822386,,,,,0,213.25135408777112,4.762878037099171,71.89391579822386,1688.98828125,1849.86328125,2026.69140625,160.875,33,16.0,99.7,29.0,LibreHardwareMonitor/OpenHardwareMonitor,1.0
Local CPU,local,cpu,Local WSL: Ryzen host CPU,v4_mean_fused,7,7,10,0.5090681874608713,0.5926067561932861,0.7104336619377136,0.8063408136367798,0.625015377998352,0.7641147971153259,-11.328875541687012,10.160856246948242,0.03464510664343834,0.8848361372947693,3.703852728009224,1.84706636890769,1.3391276597976685,16,[],"{'2': 0.517471432685852, '3': 2.107980489730835, '4': 0.3733826279640198, '7': 2.071399450302124, '8': 4.059903621673584, '10': 1.2792742252349854, '11': 2.1759679317474365, '12': 1.3414881229400635, '13': 3.0008130073547363, '14': 3.5040299892425537, '15': 0.9263341426849365, '16': 1.0978360176086426, '17': 1.1861315965652466, '18': 1.3367671966552734, '26': 3.288404941558838, '28': 1.2858771085739136}",575.7517579950218,2820.6089319992316,3396.3606899942533,3.4884047439991264,210.82327041690868,3.021957634265819,60.43543851371436,,,,,0,210.82327041690868,3.021957634265819,60.43543851371436,1688.98828125,2332.51171875,2412.9375,482.6484375,43,16.0,99.7,35.0,LibreHardwareMonitor/OpenHardwareMonitor,1.0
Local CPU,local,cpu,Local WSL: Ryzen host CPU,v4_smoothed_0p75,7,7,10,0.5090681874608713,0.594823236026549,0.7103930711746216,0.823820948600769,0.625015377998352,0.7605159282684326,-9.878927230834961,8.500818252563477,0.03464808687567711,0.8198282718658447,3.703852728009224,1.8610152248293161,1.471550166606903,16,[],"{'2': 0.4214528501033783, '3': 1.7953686714172363, '4': 0.680675208568573, '7': 2.148543357849121, '8': 4.016349792480469, '10': 1.3334665298461914, '11': 2.461263656616211, '12': 1.4625420570373535, '13': 3.265683889389038, '14': 3.495595932006836, '15': 0.8323397636413574, '16': 1.2840280532836914, '17': 0.606594443321228, '18': 1.4805582761764526, '26': 3.099451780319214, '28': 1.3923293352127075}",575.7517579950218,2783.238150001125,3358.989907996147,3.4510494799997105,211.23801747171447,3.021957634265819,61.20979102036294,,,,,0,211.23801747171447,3.021957634265819,61.20979102036294,1688.98828125,2198.44921875,2332.51171875,-134.0625,43,16.0,99.7,35.0,LibreHardwareMonitor/OpenHardwareMonitor,1.0
Local CPU,local,cpu,Local WSL: Ryzen host CPU,v4_axial,8,15,3,0.5117392244171299,0.6125190375684471,0.7592675685882568,0.8674190044403076,0.5293892621994019,0.6942338943481445,-23.11994743347168,18.93110466003418,0.017773959785699844,1.1407397985458374,2.8459475114941597,1.8310966864228249,1.5383535623550415,16,[],"{'2': 1.2554020881652832, '3': 0.6773870587348938, '4': 4.4717020988464355, '7': 1.314229965209961, '8': 0.7232375741004944, '10': 2.600708484649658, '11': 2.054758310317993, '12': 2.3874893188476562, '13': 3.26351261138916, '14': 0.941802442073822, '15': 1.0863031148910522, '16': 0.6969839930534363, '17': 2.525763750076294, '18': 1.380349040031433, '26': 1.69635808467865, '28': 2.2215590476989746}",179.30055999931938,2685.7326989993453,2865.0332589986647,2.8858735899993917,203.18941129336594,0.019236050193086385,70.40828537933595,,,,,0,203.18941129336594,0.019236050193086385,70.40828537933595,1850.0078125,1876.8359375,1957.26171875,26.828125,32,16.0,94.0,28.0,LibreHardwareMonitor/OpenHardwareMonitor,1.0
Local CPU,local,cpu,Local WSL: Ryzen host CPU,v4_mean_fused,8,15,3,0.5117392244171299,0.5961876485234779,0.7634197473526001,0.8329796195030212,0.5293892621994019,0.7324168682098389,-14.477581977844238,15.102502822875977,0.054144471883773804,1.1728864908218384,2.8459475114941597,1.5959424749016762,1.32725328207016,16,[],"{'2': 2.075562000274658, '3': 0.8982843160629272, '4': 0.681156575679779, '7': 1.439913272857666, '8': 0.5929518342018127, '10': 2.2906858921051025, '11': 5.081470489501953, '12': 2.0176186561584473, '13': 1.2145932912826538, '14': 0.6478694081306458, '15': 1.1206144094467163, '16': 0.7821378707885742, '17': 1.8688617944717407, '18': 0.9933158755302429, '26': 2.0952274799346924, '28': 1.7348164319992065}",572.7717660010967,2698.9232109990553,3271.694977000152,3.3629635949982912,213.801819244378,3.7867314556255653,63.57541888421383,,,,,0,213.801819244378,3.7867314556255653,63.57541888421383,1850.0078125,1850.0234375,2010.90234375,-26.8125,42,16.0,79.6,34.0,LibreHardwareMonitor/OpenHardwareMonitor,1.0
Local CPU,local,cpu,Local WSL: Ryzen host CPU,v4_smoothed_0p75,8,15,3,0.5117392244171299,0.604227988695181,0.7603078484535217,0.8526777625083923,0.5293892621994019,0.7316063046455383,-13.433110237121582,13.613397598266602,0.05413180589675903,1.100115418434143,2.8459475114941597,1.5684468429535627,1.3803393244743347,16,[],"{'2': 1.98324716091156, '3': 0.9383577108383179, '4': 1.1656899452209473, '7': 1.433282494544983, '8': 0.526271641254425, '10': 2.2581281661987305, '11': 4.431274890899658, '12': 2.336045265197754, '13': 1.3273961544036865, '14': 0.32068565487861633, '15': 1.1901040077209473, '16': 0.5399641990661621, '17': 1.8245478868484497, '18': 1.0168676376342773, '26': 1.914868712425232, '28': 1.8884179592132568}",572.7717660010967,2771.2241879999056,3343.9959540010022,3.4356844129979436,226.11799962320202,3.7867314556255653,65.81454302605569,,,,,0,226.11799962320202,3.7867314556255653,65.81454302605569,1850.0078125,1850.0234375,2091.34375,0.0,42,16.0,79.6,34.0,LibreHardwareMonitor/OpenHardwareMonitor,1.0
Local CUDA GPU,local,cuda,Local WSL: RTX 4070 Ti,v4_axial,0,2,17,0.5340559178971006,0.6245703908192769,0.7231127619743347,0.8481382131576538,0.543096125125885,0.7200580835342407,-16.583736419677734,17.99869155883789,-0.012773746624588966,1.0351333618164062,3.314187064766884,2.2215534038841724,2.1387654542922974,16,[],"{'2': 0.5936087369918823, '3': 1.0107128620147705, '4': 1.4952789545059204, '7': 3.3605713844299316, '8': 1.7171950340270996, '10': 1.2915751934051514, '11': 5.091061115264893, '12': 2.5608885288238525, '13': 3.084265947341919, '14': 0.885754406452179, '15': 2.95082950592041, '16': 2.790405035018921, '17': 3.5199692249298096, '18': 1.3768737316131592, '26': 2.560335874557495, '28': 1.2555289268493652}",13.526485879847314,2438.993814999776,2452.5203008796234,2.4766775970798336,206.26170999938427,55.662631561778085,83.28161495165153,93.89923986014804,0.5089756655132283,37.91338847287247,89.363,33,300.16094985953225,56.17160722729131,121.19500342452397,2282.98828125,2290.23046875,2290.23046875,7.30859375,37,16.0,111.6,33.0,LibreHardwareMonitor/OpenHardwareMonitor,25.0
Local CUDA GPU,local,cuda,Local WSL: RTX 4070 Ti,v4_mean_fused,0,2,17,0.5340559178971006,0.6104386239378269,0.7235257029533386,0.8157097101211548,0.543096125125885,0.7816516757011414,-14.45792007446289,11.070379257202148,-0.01707080379128456,1.0756992101669312,3.314187064766884,1.5744288600981236,1.4790404438972473,16,[],"{'2': 1.3068053722381592, '3': 1.6001032590866089, '4': 2.0864577293395996, '7': 2.9880151748657227, '8': 2.052867889404297, '10': 0.7801937460899353, '11': 1.9055486917495728, '12': 0.7333198189735413, '13': 1.237467646598816, '14': 0.7450658679008484, '15': 1.481301188468933, '16': 2.2587006092071533, '17': 2.7458815574645996, '18': 1.1660616397857666, '26': 1.4767796993255615, '28': 0.6262918710708618}",46.19282367857522,2446.3675179995334,2492.5603416781087,2.5933049101997314,171.99147012010224,14.300646718508892,66.32134518530479,91.45207132103104,3.0172501618442116,35.26468135749898,96.989,59,263.4435414411333,17.317896880353103,101.58602654280378,2282.98828125,2343.859375,2343.859375,53.96875,67,16.0,111.6,59.0,LibreHardwareMonitor/OpenHardwareMonitor,25.0
Local CUDA GPU,local,cuda,Local WSL: RTX 4070 Ti,v4_smoothed_0p75,0,2,17,0.5340559178971006,0.6162283919768644,0.7225700616836548,0.833042323589325,0.543096125125885,0.7780683040618896,-12.862865447998047,10.327713966369629,-0.01707024872303009,1.0125843286514282,3.314187064766884,1.609760906547308,1.6309596300125122,16,[],"{'2': 1.0696711540222168, '3': 1.6453783512115479, '4': 2.085510492324829, '7': 3.0119054317474365, '8': 1.8662554025650024, '10': 0.945267915725708, '11': 1.7824170589447021, '12': 0.8986576795578003, '13': 1.6165409088134766, '14': 0.7268860340118408, '15': 2.2593917846679688, '16': 2.1640968322753906, '17': 2.458059787750244, '18': 1.0617948770523071, '26': 1.4413148164749146, '28': 0.7230259776115417}",46.19282367857522,2478.7419509993924,2524.9347746779677,2.625644931199713,163.83864745873973,5.520508479041643,62.39939205484207,92.39111203769303,3.0172501618442116,35.18796884523056,96.989,60,256.2297594964328,8.537758640885855,97.58736090007264,2282.98828125,2290.36328125,2397.48828125,-53.15625,68,16.0,111.6,60.0,LibreHardwareMonitor/OpenHardwareMonitor,25.0
Local CUDA GPU,local,cuda,Local WSL: RTX 4070 Ti,v4_axial,1,1,12,0.5074835462133863,0.6035423317439537,0.7228731513023376,0.8459025621414185,0.5371754169464111,0.682919979095459,-14.725153923034668,19.6414852142334,0.11603673547506332,1.0338646173477173,4.1216456815600395,2.701332338154316,2.6332966089248657,16,[],"{'2': 3.1870193481445312, '3': 2.6594455242156982, '4': 2.5784528255462646, '7': 0.5527541637420654, '8': 1.5168886184692383, '10': 7.965250492095947, '11': 2.8833110332489014, '12': 1.842677116394043, '13': 2.607147693634033, '14': 4.197061061859131, '15': 1.1683709621429443, '16': 0.48451054096221924, '17': 3.3564679622650146, '18': 1.363234043121338, '26': 3.609100103378296, '28': 3.2496259212493896}",17.22504299992579,2466.852089000895,2484.0771320008207,2.5093837049197463,177.23650775362034,24.64867239998302,70.62949655970952,93.59017573891467,0.0,37.29608013131966,58.862,34,270.826683492535,24.64867239998302,107.92557669102916,2312.69140625,2313.234375,2366.859375,0.60546875,38,16.0,95.5,34.0,LibreHardwareMonitor/OpenHardwareMonitor,25.0
Local CUDA GPU,local,cuda,Local WSL: RTX 4070 Ti,v4_mean_fused,1,1,12,0.5074835462133863,0.5900283184176762,0.7237755060195923,0.8138913512229919,0.5371754169464111,0.761463463306427,-9.805520057678223,13.678936004638672,0.15829631686210632,1.059834361076355,4.1216456815600395,1.9575926586985588,1.5955995917320251,16,[],"{'2': 3.266340970993042, '3': 2.5388100147247314, '4': 1.9133535623550415, '7': 0.7457435727119446, '8': 1.6507388353347778, '10': 3.732299327850342, '11': 3.4616456031799316, '12': 3.666062593460083, '13': 1.474218487739563, '14': 0.6679221391677856, '15': 1.493848443031311, '16': 0.5398267507553101, '17': 2.870107650756836, '18': 0.6238357424736023, '26': 1.1362684965133667, '28': 1.5404603481292725}",50.496053360329824,2573.0787459997373,2623.574799360067,2.725066328159082,185.47040528760556,19.76757897464947,68.06087740730335,91.57910393011731,0.5155763454729992,33.6061926213677,71.094,61,277.04950921772286,20.283155320122468,101.66707002867103,2312.69140625,2313.25390625,2454.125,0.77734375,69,16.0,110.9,61.0,LibreHardwareMonitor/OpenHardwareMonitor,25.0
Local CUDA GPU,local,cuda,Local WSL: RTX 4070 Ti,v4_smoothed_0p75,1,1,12,0.5074835462133863,0.5949505914906873,0.7219492793083191,0.828926682472229,0.5371754169464111,0.7551826238632202,-8.045693397521973,12.868216514587402,0.1582874357700348,0.9988399744033813,4.1216456815600395,1.966033909469843,1.6175790429115295,16,[],"{'2': 3.3053905963897705, '3': 2.372793197631836, '4': 2.441725492477417, '7': 0.7831031084060669, '8': 1.6089651584625244, '10': 3.9920337200164795, '11': 3.021768808364868, '12': 3.5873560905456543, '13': 1.2952451705932617, '14': 0.7186399698257446, '15': 1.6261929273605347, '16': 0.6043444275856018, '17': 3.0973803997039795, '18': 0.6077369451522827, '26': 1.000906229019165, '28': 1.3929603099822998}",50.496053360329824,2555.0505250012066,2605.5465783615364,2.706986420160101,162.572241524273,4.108743259608732,60.056541219980666,89.76414894737042,0.5155763454729992,33.16017704368884,71.094,61,252.33639047164345,4.624319605081731,93.21671826366952,2312.69140625,2340.08984375,2519.3515625,27.59375,69,16.0,110.9,61.0,LibreHardwareMonitor/OpenHardwareMonitor,25.0
Local CUDA GPU,local,cuda,Local WSL: RTX 4070 Ti,v4_axial,2,6,0,0.5126965057978938,0.5967924833364149,0.7513567209243774,0.850294828414917,0.6787030696868896,0.7759542465209961,-11.278425216674805,11.574499130249023,-0.01124256756156683,0.8328201174736023,2.632415499538183,1.7956986222416162,1.6778433322906494,16,[],"{'2': 0.4274248480796814, '3': 1.8191096782684326, '4': 1.5365769863128662, '7': 2.879274368286133, '8': 2.6838815212249756, '10': 1.2550780773162842, '11': 1.8284956216812134, '12': 4.178264141082764, '13': 3.3152191638946533, '14': 1.039288878440857, '15': 0.48492172360420227, '16': 1.0940971374511719, '17': 1.8701680898666382, '18': 0.7091190218925476, '26': 2.272782325744629, '28': 1.337476372718811}",19.744830719791935,2567.4194599996554,2587.1642907194473,2.6126808188016004,168.94819183181346,10.079179560270612,64.66468870441955,95.46393163863137,0.0,36.53868890208308,52.926,36,264.41212347044484,10.079179560270612,101.20337760650263,2313.19921875,2313.29296875,2510.6953125,0.171875,40,16.0,90.7,36.0,LibreHardwareMonitor/OpenHardwareMonitor,25.0
Local CUDA GPU,local,cuda,Local WSL: RTX 4070 Ti,v4_mean_fused,2,6,0,0.5126965057978938,0.5849335748094351,0.751722514629364,0.8199830055236816,0.6787030696868896,0.7886959314346313,-10.209810256958008,8.006232261657715,0.01917533576488495,0.8719055652618408,2.632415499538183,1.6952632553875446,1.1547837257385254,16,[],"{'2': 1.0598883628845215, '3': 3.299945831298828, '4': 0.8823977708816528, '7': 2.4254302978515625, '8': 2.971554756164551, '10': 1.0454788208007812, '11': 1.208751916885376, '12': 3.13324236869812, '13': 3.5091934204101562, '14': 0.7914026975631714, '15': 1.1008155345916748, '16': 0.6694494485855103, '17': 1.3853594064712524, '18': 0.5646382570266724, '26': 2.1485307216644287, '28': 0.9281324744224548}",53.48718016066414,2567.3005589997047,2620.787739160369,2.723168822001171,163.73397416305758,4.625787693157921,60.126266443787586,90.5573231554115,0.2847114007992087,33.25439187749799,68.292,62,254.29129731846908,4.910499093957131,93.38065832128558,2313.19921875,2393.73828125,2575.578125,80.7734375,70,16.0,105.1,62.0,LibreHardwareMonitor/OpenHardwareMonitor,25.0
Local CUDA GPU,local,cuda,Local WSL: RTX 4070 Ti,v4_smoothed_0p75,2,6,0,0.5126965057978938,0.5868003491209312,0.7500815987586975,0.8390057682991028,0.6787030696868896,0.7875548601150513,-9.500216484069824,6.709248065948486,0.01916525699198246,0.8050076961517334,2.632415499538183,1.680877923965454,1.3484219312667847,16,[],"{'2': 1.0616997480392456, '3': 3.1099250316619873, '4': 0.9178882241249084, '7': 2.4970290660858154, '8': 3.0086491107940674, '10': 1.1871646642684937, '11': 1.6938878297805786, '12': 3.261566638946533, '13': 2.5220203399658203, '14': 0.9702244997024536, '15': 1.0050125122070312, '16': 0.7038962841033936, '17': 1.5096791982650757, '18': 0.6266064643859863, '26': 1.9062761068344116, '28': 0.9125210642814636}",53.48718016066414,2550.293641999815,2603.780822160479,2.7061449599999468,166.18151413853096,4.625787693157921,61.4089476339561,89.01863267658447,0.2847114007992087,32.894997863154465,68.292,63,255.20014681511543,4.910499093957131,94.30394549711056,2313.19921875,2474.1796875,2655.20703125,80.76953125,71,16.0,105.1,63.0,LibreHardwareMonitor/OpenHardwareMonitor,25.0
Local CUDA GPU,local,cuda,Local WSL: RTX 4070 Ti,v4_axial,3,16,4,0.5216886606039632,0.6191656405162629,0.7480819225311279,0.8639330863952637,0.613818883895874,0.7443634867668152,-15.905757904052734,11.60552978515625,0.019405247643589973,0.9962562322616577,3.745490826666355,2.0689370464533567,1.549660563468933,16,[],"{'2': 3.010354518890381, '3': 1.4911175966262817, '4': 1.6082035303115845, '7': 0.8742235898971558, '8': 3.747786045074463, '10': 1.2662348747253418, '11': 4.032684803009033, '12': 0.652926504611969, '13': 1.695104718208313, '14': 0.38640281558036804, '15': 0.9123378396034241, '16': 1.2437512874603271, '17': 6.662327766418457, '18': 2.264781951904297, '26': 2.751412868499756, '28': 0.5033420324325562}",19.45948800064798,2447.1239060003427,2466.5833940009907,2.4908820421604467,182.4465494315203,30.983742771322643,73.24576047498289,92.20399522163555,0.0,37.016604424055004,57.009,35,274.65054465315586,30.983742771322643,110.26236489903789,2474.1015625,2474.1875,2474.1875,0.1640625,39,16.0,102.9,35.0,LibreHardwareMonitor/OpenHardwareMonitor,25.0
Local CUDA GPU,local,cuda,Local WSL: RTX 4070 Ti,v4_mean_fused,3,16,4,0.5216886606039632,0.6084336147809823,0.7501699924468994,0.8337228894233704,0.613818883895874,0.7610024213790894,-15.243033409118652,10.317889213562012,0.036766450852155685,1.0230214595794678,3.745490826666355,2.3351490199565887,1.7696738839149475,16,[],"{'2': 3.3227007389068604, '3': 3.008113145828247, '4': 1.6877256631851196, '7': 0.9061596989631653, '8': 4.563696384429932, '10': 0.4419368505477905, '11': 1.8516221046447754, '12': 1.561033010482788, '13': 2.9281086921691895, '14': 0.6571933627128601, '15': 1.1721702814102173, '16': 0.5838849544525146, '17': 6.120144844055176, '18': 5.18264102935791, '26': 2.858822822570801, '28': 0.5164307355880737}",53.640558600527584,2489.938714001255,2543.5792726017826,2.646084788760345,147.8702413360097,3.837204335492789,55.88265423848527,90.14432965942468,0.24528352218176563,34.06706014951852,66.494,63,238.01457099543438,4.082487857674555,89.94971438800378,2474.1015625,2500.88671875,2500.88671875,27.015625,71,16.0,102.9,63.0,LibreHardwareMonitor/OpenHardwareMonitor,25.0
Local CUDA GPU,local,cuda,Local WSL: RTX 4070 Ti,v4_smoothed_0p75,3,16,4,0.5216886606039632,0.6128993478833756,0.7485823035240173,0.8519119024276733,0.613818883895874,0.753574013710022,-14.196564674377441,9.553582191467285,0.036755673587322235,0.9604259133338928,3.745490826666355,2.354921419173479,2.0791187286376953,16,[],"{'2': 3.400453805923462, '3': 2.812978982925415, '4': 1.631422758102417, '7': 0.9220356941223145, '8': 4.5282206535339355, '10': 0.6089191436767578, '11': 2.2771716117858887, '12': 1.881065845489502, '13': 3.082172393798828, '14': 0.3576224446296692, '15': 0.7491163611412048, '16': 0.5661024451255798, '17': 6.403254508972168, '18': 5.204763889312744, '26': 2.7293968200683594, '28': 0.5240453481674194}",53.640558600527584,2478.9475349989516,2532.588093599479,2.6350528937593483,158.0686309150572,3.837204335492789,59.9868910750955,88.64436151845516,0.24528352218176563,33.64044863326785,66.494,63,246.71299243351237,4.082487857674555,93.62733970836335,2474.1015625,2474.19921875,2553.7421875,-26.37109375,71,16.0,102.9,63.0,LibreHardwareMonitor/OpenHardwareMonitor,25.0
Local CUDA GPU,local,cuda,Local WSL: RTX 4070 Ti,v4_axial,4,14,8,0.5163238421344943,0.6046274981513834,0.7193860411643982,0.8474555611610413,0.5742167234420776,0.7202831506729126,-16.701560974121094,18.3524169921875,0.04832218214869499,1.0229073762893677,4.29692056030035,2.7914074063301086,2.0986374616622925,16,[],"{'2': 5.076000213623047, '3': 3.1032989025115967, '4': 0.39313948154449463, '7': 7.359085559844971, '8': 7.969212532043457, '10': 1.4671489000320435, '11': 3.1023800373077393, '12': 3.3197662830352783, '13': 2.8331522941589355, '14': 0.9910449981689453, '15': 1.3782867193222046, '16': 0.789905309677124, '17': 2.355419874191284, '18': 1.8418550491333008, '26': 1.4970356225967407, '28': 1.1857867240905762}",20.519989240638097,2519.219850000809,2539.739839241447,2.565842340960444,166.71222295466598,10.69131315985053,64.97368146643898,96.19001440570065,0.0,37.488669069859874,54.552,35,262.9022373603666,10.69131315985053,102.46235053629884,2366.73828125,2313.3359375,2366.8359375,-53.32421875,39,16.0,86.0,35.0,LibreHardwareMonitor/OpenHardwareMonitor,25.0
Local CUDA GPU,local,cuda,Local WSL: RTX 4070 Ti,v4_mean_fused,4,14,8,0.5163238421344943,0.5924299806237835,0.719346821308136,0.8137550354003906,0.5742167234420776,0.7678947448730469,-11.469523429870605,15.647704124450684,0.0890083909034729,1.022276759147644,4.29692056030035,2.524428080767393,1.4681367874145508,16,[],"{'2': 4.694591522216797, '3': 3.892047166824341, '4': 0.3493075370788574, '7': 7.940260410308838, '8': 7.839107990264893, '10': 0.9855818748474121, '11': 2.4898877143859863, '12': 3.6288936138153076, '13': 1.473981499671936, '14': 0.5018730163574219, '15': 1.4622920751571655, '16': 0.7983259558677673, '17': 2.0572102069854736, '18': 1.2696722745895386, '26': 0.3553582429885864, '28': 0.6524581909179688}",55.659074680588674,2535.6159349994414,2591.27500968003,2.6953469524796674,170.29677440913557,6.401091098699471,63.181763762348226,91.84373923894687,0.16678452805842825,34.074922768088314,63.788,62,262.14051364808245,6.5678756267579,97.25668653043654,2366.73828125,2313.3359375,2456.22265625,0.31640625,70,16.0,103.4,62.0,LibreHardwareMonitor/OpenHardwareMonitor,25.0
Local CUDA GPU,local,cuda,Local WSL: RTX 4070 Ti,v4_smoothed_0p75,4,14,8,0.5163238421344943,0.5964863387656996,0.7181735634803772,0.8324288129806519,0.5742167234420776,0.7618659734725952,-10.641045570373535,14.672017097473145,0.08899141848087311,0.9486051797866821,4.29692056030035,2.5257989009842277,1.4650846123695374,16,[],"{'2': 4.674986839294434, '3': 3.796940326690674, '4': 0.2139677256345749, '7': 8.079545974731445, '8': 7.8119964599609375, '10': 1.194077491760254, '11': 2.9942188262939453, '12': 3.5358726978302, '13': 1.4326759576797485, '14': 0.48343756794929504, '15': 1.4974932670593262, '16': 0.8727210760116577, '17': 1.5970221757888794, '18': 1.3076132535934448, '26': 0.339518278837204, '28': 0.5806944966316223}",55.659074680588674,2561.7592360013077,2617.4183106818964,2.72147713547929,164.77459749067862,4.411065744815023,60.54601574363751,92.62274590625756,0.16678452805842825,34.03399745629147,63.788,63,257.3973433969362,4.577850272873452,94.580013199929,2366.73828125,2313.3359375,2541.42578125,0.31640625,71,16.0,103.4,63.0,LibreHardwareMonitor/OpenHardwareMonitor,25.0
Local CUDA GPU,local,cuda,Local WSL: RTX 4070 Ti,v4_axial,5,5,9,0.5245065142387927,0.5986510917310843,0.772189199924469,0.8965004682540894,0.5722911357879639,0.7076500058174133,-15.045158386230469,19.03949546813965,0.043501079082489014,0.8701021075248718,3.259563598781824,2.881124649196863,2.3817310333251953,16,[],"{'2': 1.388245940208435, '3': 0.8615668416023254, '4': 4.9788594245910645, '7': 2.5455057621002197, '8': 1.5655457973480225, '10': 3.018524646759033, '11': 7.823032855987549, '12': 3.111752986907959, '13': 7.072082996368408, '14': 2.759777069091797, '15': 1.2196470499038696, '16': 1.0826170444488525, '17': 1.494925618171692, '18': 1.7160097360610962, '26': 3.2419443130493164, '28': 2.217956304550171}",21.51088571998116,2542.0937319995573,2563.6046177195385,2.5882456440407258,177.35410670622318,19.970921578588104,68.52290357932986,97.76607706119297,0.0,37.77310599799261,56.533,35,275.1201837674161,19.970921578588104,106.29600957732245,2313.2578125,2313.3515625,2420.4765625,0.15625,39,16.0,94.5,35.0,LibreHardwareMonitor/OpenHardwareMonitor,25.0
Local CUDA GPU,local,cuda,Local WSL: RTX 4070 Ti,v4_mean_fused,5,5,9,0.5245065142387927,0.5874571426853856,0.7734601497650146,0.8648924827575684,0.5722911357879639,0.7799432277679443,-13.347765922546387,10.585609436035156,0.07179353386163712,0.9129117131233215,3.259563598781824,1.9186304360628128,1.5789101719856262,16,[],"{'2': 1.7186696529388428, '3': 1.890166163444519, '4': 4.263783931732178, '7': 2.5845742225646973, '8': 2.227740526199341, '10': 0.9638120532035828, '11': 2.7354021072387695, '12': 1.417404055595398, '13': 3.983633041381836, '14': 1.1207773685455322, '15': 0.8810288310050964, '16': 0.5289092063903809, '17': 2.7191946506500244, '18': 0.894368052482605, '26': 1.4391506910324097, '28': 1.3294724225997925}",55.566324360115686,2570.2956530003576,2625.8619773604732,2.7283773474798365,161.4313774359471,3.6986222154539847,59.167540584171384,98.25735280881524,0.4734817492213983,36.01310973336374,71.74,63,259.6887302447623,4.172103964675383,95.18065031753513,2313.2578125,2393.79296875,2527.73046875,80.76953125,71,16.0,95.3,63.0,LibreHardwareMonitor/OpenHardwareMonitor,25.0
Local CUDA GPU,local,cuda,Local WSL: RTX 4070 Ti,v4_smoothed_0p75,5,5,9,0.5245065142387927,0.5908863779930708,0.7721328139305115,0.8814082145690918,0.5722911357879639,0.7750091552734375,-11.753128051757812,9.40285587310791,0.07178883999586105,0.8490760922431946,3.259563598781824,1.868781290948391,1.6578614115715027,16,[],"{'2': 1.6130974292755127, '3': 1.8072913885116577, '4': 4.012765407562256, '7': 2.5971245765686035, '8': 2.192732334136963, '10': 1.1914846897125244, '11': 2.9037442207336426, '12': 1.7026253938674927, '13': 3.764981269836426, '14': 0.9682194590568542, '15': 0.8404572606086731, '16': 0.5304434299468994, '17': 2.361949920654297, '18': 0.8467451333999634, '26': 1.3155395984649658, '28': 1.2512991428375244}",55.566324360115686,2512.775482999132,2568.3418073592475,2.670832978480321,159.07097735081612,3.6986222154539847,59.558564175482815,156.7860145268006,2.816452133256738,58.703039759532395,71.74,62,315.8569918776167,6.515074348710723,118.26160393501519,2313.2578125,2474.234375,2607.92578125,80.76953125,70,16.0,95.3,62.0,LibreHardwareMonitor/OpenHardwareMonitor,25.0
Local CUDA GPU,local,cuda,Local WSL: RTX 4070 Ti,v4_axial,6,13,11,0.5017329558976176,0.5986217311176063,0.7556612491607666,0.8588675260543823,0.4667867124080658,0.6447702646255493,-15.02192497253418,18.7154541015625,0.024034185335040092,1.0244605541229248,5.5980276092886925,4.017644934356213,2.670530676841736,16,[],"{'2': 0.8042251467704773, '3': 1.6262603998184204, '4': 8.325480461120605, '7': 1.3849588632583618, '8': 1.9057879447937012, '10': 3.2212414741516113, '11': 9.515914916992188, '12': 7.4852728843688965, '13': 7.294447422027588, '14': 4.1049981117248535, '15': 0.533284604549408, '16': 0.8542118072509766, '17': 2.073582410812378, '18': 5.111152172088623, '26': 7.921680450439453, '28': 2.1198198795318604}",21.23433312000998,2462.047487999371,2483.2818211193808,2.509288641840394,177.5668517874887,24.98479692468348,70.76382080032666,104.5520758734899,0.0,41.66602204711213,60.272,36,282.1189276609786,24.98479692468348,112.42984284743879,2474.15625,2474.234375,2474.234375,0.15625,40,16.0,110.0,36.0,LibreHardwareMonitor/OpenHardwareMonitor,25.0
Local CUDA GPU,local,cuda,Local WSL: RTX 4070 Ti,v4_mean_fused,6,13,11,0.5017329558976176,0.5854252168373171,0.7585754990577698,0.8237640261650085,0.4667867124080658,0.7373207807540894,-14.4141206741333,13.639235496520996,0.003893013345077634,1.0884002447128296,5.5980276092886925,2.6214685328304768,2.2716642022132874,16,[],"{'2': 0.8405644297599792, '3': 2.8140408992767334, '4': 6.521380424499512, '7': 1.4113459587097168, '8': 1.9429585933685303, '10': 1.9494127035140991, '11': 3.270193338394165, '12': 6.425632953643799, '13': 2.90049147605896, '14': 3.431356430053711, '15': 0.9760193228721619, '16': 0.7827253341674805, '17': 0.9655390381813049, '18': 3.697706460952759, '26': 2.5939157009124756, '28': 1.4202134609222412}",54.57122608109785,2500.178169000719,2554.749395081817,2.65826986032087,156.8508303351142,4.804393129946694,59.004856006673954,103.08127677146292,0.1396695470731504,38.77758173093095,62.219,62,259.9321071065771,4.944062677019845,97.7824377376049,2474.15625,2474.234375,2474.234375,0.3125,70,16.0,110.0,62.0,LibreHardwareMonitor/OpenHardwareMonitor,25.0
Local CUDA GPU,local,cuda,Local WSL: RTX 4070 Ti,v4_smoothed_0p75,6,13,11,0.5017329558976176,0.591988848120165,0.7569518089294434,0.8401595950126648,0.4667867124080658,0.7292826175689697,-13.488581657409668,12.912071228027344,0.003896015230566263,1.0267679691314697,5.5980276092886925,2.688791736960411,2.3920774459838867,16,[],"{'2': 0.8257826566696167, '3': 2.798060417175293, '4': 6.7260026931762695, '7': 1.4706209897994995, '8': 1.9860944747924805, '10': 1.9574402570724487, '11': 3.3716769218444824, '12': 6.395445823669434, '13': 3.582200765609741, '14': 3.0785629749298096, '15': 0.8594405055046082, '16': 0.7631832957267761, '17': 1.6760846376419067, '18': 3.380988359451294, '26': 2.880695104598999, '28': 1.2683879137039185}",54.57122608109785,2497.7950289994624,2552.36625508056,2.6558925733200156,159.50797717335632,4.804393129946694,60.058143456443474,103.5853282342963,0.1396695470731504,39.002077597140456,62.219,63,263.0933054076526,4.944062677019845,99.06022105358393,2474.15625,2474.234375,2530.00390625,0.3125,71,16.0,110.0,63.0,LibreHardwareMonitor/OpenHardwareMonitor,25.0
Local CUDA GPU,local,cuda,Local WSL: RTX 4070 Ti,v4_axial,7,7,10,0.5090681874608713,0.5982307706842822,0.7126591205596924,0.8364834189414978,0.625015377998352,0.7535110712051392,-12.311108589172363,13.058568000793457,0.04553664103150368,0.8423635363578796,3.703852728009224,2.185736957937479,1.8035756945610046,16,[],"{'2': 0.8047506213188171, '3': 1.3805882930755615, '4': 1.7683762311935425, '7': 2.094025135040283, '8': 4.384738445281982, '10': 1.5650731325149536, '11': 1.8387751579284668, '12': 1.679267406463623, '13': 4.328573703765869, '14': 3.5642645359039307, '15': 0.7523034811019897, '16': 1.439300775527954, '17': 2.0728094577789307, '18': 2.7048048973083496, '26': 2.945256471633911, '28': 1.648883581161499}",19.267084680177504,2493.2454699992377,2512.512554679415,2.536698041159834,183.3525013378562,29.103765966088858,72.27998696053844,106.240049863995,0.0,41.88123621344372,60.936,35,289.59255120185117,29.103765966088858,114.16122317398215,2366.7734375,2313.359375,2408.48828125,-53.3359375,39,16.0,102.6,35.0,LibreHardwareMonitor/OpenHardwareMonitor,25.0
Local CUDA GPU,local,cuda,Local WSL: RTX 4070 Ti,v4_mean_fused,7,7,10,0.5090681874608713,0.5926060692658938,0.7104341387748718,0.8063493967056274,0.625015377998352,0.7641135454177856,-11.329626083374023,10.160988807678223,0.03467937558889389,0.8847751617431641,3.703852728009224,1.8479337487369776,1.3394339680671692,16,[],"{'2': 0.51591956615448, '3': 2.1048696041107178, '4': 0.374358206987381, '7': 2.0715458393096924, '8': 4.05864953994751, '10': 1.2810170650482178, '11': 2.1734745502471924, '12': 1.342100739479065, '13': 3.018674612045288, '14': 3.503035068511963, '15': 0.9263061285018921, '16': 1.0998636484146118, '17': 1.1863840818405151, '18': 1.3367671966552734, '26': 3.288404941558838, '28': 1.285569190979004}",53.26053884055,2527.4223109991,2580.68284983965,2.683490397160058,171.16712294406662,7.992399966409825,63.78525636805447,104.03667076407385,0.14333200780441474,38.76916081912423,61.836,62,275.20379370814044,8.13573197421424,102.55441718717869,2366.7734375,2313.359375,2456.24609375,0.3125,70,16.0,102.9,62.0,LibreHardwareMonitor/OpenHardwareMonitor,25.0
Local CUDA GPU,local,cuda,Local WSL: RTX 4070 Ti,v4_smoothed_0p75,7,7,10,0.5090681874608713,0.5948275620890622,0.7103933691978455,0.8238335251808167,0.625015377998352,0.7605122923851013,-9.879944801330566,8.501121520996094,0.034682322293519974,0.8197646737098694,3.703852728009224,1.8613685686141253,1.4747025966644287,16,[],"{'2': 0.4226204454898834, '3': 1.7950307130813599, '4': 0.6793830990791321, '7': 2.145707845687866, '8': 4.017248630523682, '10': 1.333169937133789, '11': 2.462759494781494, '12': 1.4668151140213013, '13': 3.265683889389038, '14': 3.4932737350463867, '15': 0.8323397636413574, '16': 1.2860842943191528, '17': 0.6075267195701599, '18': 1.4825900793075562, '26': 3.099451780319214, '28': 1.3922115564346313}",53.26053884055,2523.3390089997556,2576.5995478403056,2.679413386159213,168.54769087758143,5.620878286093263,62.90469837473828,104.21669612772499,0.14333200780441474,38.895340549564736,61.836,62,272.7643870053064,5.764210293897678,101.80003892430301,2366.7734375,2313.359375,2505.44921875,0.3125,70,16.0,102.9,62.0,LibreHardwareMonitor/OpenHardwareMonitor,25.0
Local CUDA GPU,local,cuda,Local WSL: RTX 4070 Ti,v4_axial,8,15,3,0.5117392244171299,0.6125208092826057,0.7592658400535583,0.8674232363700867,0.5293892621994019,0.6942545175552368,-23.116975784301758,18.92871856689453,0.017795341089367867,1.1406779289245605,2.8459475114941597,1.831176444888115,1.5383535623550415,16,[],"{'2': 1.2551898956298828, '3': 0.6779180765151978, '4': 4.4697160720825195, '7': 1.3141530752182007, '8': 0.7246293425559998, '10': 2.600930690765381, '11': 2.0511839389801025, '12': 2.386532783508301, '13': 3.263590097427368, '14': 0.941802442073822, '15': 1.0863031148910522, '16': 0.6974277496337891, '17': 2.5317208766937256, '18': 1.380349040031433, '26': 1.69635808467865, '28': 2.221017837524414}",18.93826888037438,2545.9995179990074,2564.9377868793817,2.59040787200036,160.92226998779364,3.4076064882958725,62.12236757276627,96.86795692043553,0.0,37.39486664145764,60.991,36,257.7902269082292,3.4076064882958725,99.51723421422393,2313.28125,2313.359375,2348.98828125,0.15625,40,16.0,85.0,36.0,LibreHardwareMonitor/OpenHardwareMonitor,25.0
Local CUDA GPU,local,cuda,Local WSL: RTX 4070 Ti,v4_mean_fused,8,15,3,0.5117392244171299,0.5961898975089677,0.7634178400039673,0.8329835534095764,0.5293892621994019,0.7324090003967285,-14.475262641906738,15.101566314697266,0.054179105907678604,1.1728405952453613,2.8459475114941597,1.5960173346102238,1.326948642730713,16,[],"{'2': 2.075303554534912, '3': 0.8987272381782532, '4': 0.6842676401138306, '7': 1.439303994178772, '8': 0.5925900340080261, '10': 2.289397716522217, '11': 5.077176094055176, '12': 2.0154054164886475, '13': 1.2145932912826538, '14': 0.6478694081306458, '15': 1.1206144094467163, '16': 0.7827158570289612, '17': 1.8718870878219604, '18': 0.9933158755302429, '26': 2.0986008644104004, '28': 1.7345088720321655}",54.1837577206752,2488.059035000333,2542.2427927210083,2.6451095444396198,163.3485261947757,2.8669203995144374,61.754919201042746,90.87354867871605,0.17230150439053205,34.355306331166744,62.435,62,254.22207487349175,3.0392219039049695,96.11022553220948,2313.28125,2393.80078125,2462.79296875,80.75390625,70,16.0,88.2,62.0,LibreHardwareMonitor/OpenHardwareMonitor,25.0
Local CUDA GPU,local,cuda,Local WSL: RTX 4070 Ti,v4_smoothed_0p75,8,15,3,0.5117392244171299,0.604222681803249,0.7603052854537964,0.8526814579963684,0.5293892621994019,0.7316498160362244,-13.431324005126953,13.613115310668945,0.05416640639305115,1.1000707149505615,2.8459475114941597,1.5688764993101358,1.3795782923698425,16,[],"{'2': 1.9830292463302612, '3': 0.9390870928764343, '4': 1.1650532484054565, '7': 1.4317504167556763, '8': 0.5262442827224731, '10': 2.258207321166992, '11': 4.434245586395264, '12': 2.3381447792053223, '13': 1.3274061679840088, '14': 0.310054749250412, '15': 1.1901040077209473, '16': 0.5385435819625854, '17': 1.835123896598816, '18': 1.0168676376342773, '26': 1.9160306453704834, '28': 1.8921313285827637}",54.1837577206752,2526.7791480000596,2580.962905720735,2.6838073544410146,156.36733396669808,2.8669203995144374,58.263248182828825,91.5252968793562,0.17230150439053205,34.102781903442235,62.435,62,247.8926308460543,3.0392219039049695,92.36603008627105,2313.28125,2474.2578125,2480.75390625,80.76953125,70,16.0,88.2,62.0,LibreHardwareMonitor/OpenHardwareMonitor,25.0
